"";"ASV";"Seq_number";"aap_elbow_2_Epi_S318";"aap_elbow_Epi_S301";"aap_nose_2_Epi_S316";"aap_nose_Epi_S297";"arl_arm_2_Epi_S311";"arl_arm_Epi_S286";"arl_elbow_2_Epi_S303";"arl_elbow_Epi_S300";"arl_nose_1_2_Epi_S299";"arl_nose_1_Epi_S296";"arl_nose_2_2_Epi_S309";"arl_nose_2_Epi_S282";"E_3_2_Epi_S323";"E_3_Epi_S322";"evl_arm_2_Epi_S319";"evl_arm_Epi_S302";"evl_nose_2_Epi_S317";"evl_nose_Epi_S298";"hof_elbow_2_Epi_S310";"hof_elbow_Epi_S285";"hof_nose_2_Epi_S308";"hof_nose_Epi_S281";"hts_elbow_2_Epi_S307";"hts_elbow_Epi_S278";"hts_nose_2_Epi_S305";"hts_nose_Epi_S274";"kaas_elbow_2_Epi_S287";"kaas_elbow_Epi_S284";"kaas_nose_2_Epi_S283";"kaas_nose_Epi_S280";"kfu_elbow_2_Epi_S295";"kfu_elbow_Epi_S292";"kfu_nose_2_Epi_S291";"kfu_nose_Epi_S288";"nk_oprensning_2_Epi_S321";"nk_oprensning_Epi_S320";"pae_elbow_2_Epi_S314";"pae_elbow_Epi_S293";"pae_nose_2_Epi_S312";"pae_nose_Epi_S289";"pgy_elbow_2_Epi_S279";"pgy_elbow_Epi_S276";"pgy_nose_2_Epi_S275";"pgy_nose_Epi_S272";"S_3_2_Epi_S325";"S_3_Epi_S324";"ssy_nose_2_Epi_S304";"ssy_nose_Epi_S273";"ssyelbow_2_Epi_S306";"ssyelbowE_Epi_S277";"tid_arm_2_Epi_S315";"tid_arm_Epi_S294";"tid_nose_2_Epi_S313";"tid_nose_Epi_S290"
"1";"ACTTTAATTTTGATCGCCTCCTTATCGATCAAGATCATAATAACCACGTCGTACTATTTGCGATTAGCAAAGACCGTCATGAAGTAGTTAAACTTAAGACAACGATGAAAGGGAATAATGTTGATAAAGCTTTTAAAAGTATCGAACCTGACATGCAGCCCTATACGGAAATCATCACGAATAAAGATACAATCGACAAAGCAACACACGTGTTTGCACCAAGCAAACCGAAAGACTTAAAGACGTATCGCATGGTCTTCAATACGATCAGTGTTGAACGCATGAACTCAATACTATTTGATGATTCAACGATTGTTCGTAGCTCTCAAAGTGGTACGACAACATACAACAACAATACTGGCGTCGCCAACTACAATGATAAAGATGAAATGTATCATTATAAGAATTTATCTGAAGACGCGAAAAGTTCAAGCAACATGCAAGAAACCATCCCAGGCACATACGAGTTTATAAAT";NA;478;998;2120;2828;1009;196;1098;5057;6647;9458;4454;2177;12876;13923;2428;2197;4564;3633;25;1267;2942;3458;3508;0;3055;2851;1559;3858;1987;2625;16488;23165;14161;27829;69;112;57;279;712;637;0;0;41;97;22962;31187;23403;15481;1745;3284;100;628;1636;2397
"2";"ACTTTAATTTTGATCGTCTCCTTATCGATCAAGATCATAATAACCACGTCGTACTATTTGCGATTAGCAAAGACCGTCATGAAGTAGTTAAACTTAAGACAACGATGAAAGGGAATAATGTTGATAAAGCTTTTAAAAGTATCGAACCTGACATGCAGCCCTATACGGAAATCATCACGAATAAAGATACAATCGACAAAGCAACACACGTGTTTGCACCAAGCAAACCGAAAGACTTAAAGACGTATCGCATGGTCTTCAATACGATCAGTGTTGAACGCATGAACTCAATACTATTTGATGATTCAACGATTGTTCGTAGCTCTCAAAGTGGTACGACAACATACAACAACAATACTGGCGTCGCCAACTACAATGATAAAGATGAAATGTATCATTATAAGAATTTATCTGAAGACGCGAAAAGTTCAAGCAACATGCAAGAAACCATCCCAGGCACATACGAGTTTATAAAT";"seq36";0;0;205;95;1778;1506;785;2075;2093;2118;1272;490;0;0;0;1570;7264;5600;0;0;3346;2469;27016;40336;45923;51678;0;1026;11176;13050;167;286;6828;14713;0;0;0;0;4807;4958;77;139;42;92;0;0;0;0;0;0;0;0;0;0
"3";"ACTTTAATTTTGATCGCCTCCTTATCGATCAAGATCATAATAACCACGTCGTACTATATGCGATTAGCAAAGACCGTCATGAAGTAGTTAAACTTAAGACAACCATGAAAGGGAATAATGTTGATAAAGCTTTTAAAAGTATCGAACCTGACATGCAGCCTTATACGGAAATCATCACGAATAAAGATACAATCGACAAAGCAACACACGTGTTTGCACCAAGCAAACCGAAAGACTTAAAGACGTATCGCATGGTCTTCAATACGATTAGTGTTGAACGCATGAACTCAATACTATTTGATGATTCAACGATCGTTCGTAGCTCTCAAAGTGGTACGACAACATACAACAACAATACTGGCGTCGCCAACTACAACGATAAAGATGAAATGTATCATTATAAGAATTTATCTGAAGATGCGAAAAGTTCAAGCAACATGCAAGAAACCATCCCAGGCACATACGAGTTTATAAAT";NA;0;0;1058;1880;3075;3375;393;2265;3321;2979;4434;4038;0;0;419;3655;15862;15424;197;641;15206;16136;2745;3704;757;858;0;0;17062;19592;917;1035;620;1124;0;0;5095;9163;85;150;72;553;0;0;0;0;240;303;4730;10588;299;2223;18199;28866
"4";"ACTTTAATTTTGATCGCCTCCTTATCGATCAAGATCATAATAACCACGTCGTACTATATGCGATTAGCAAAGACCGTCATGAAGTAGTTAAACTTAAGACAACGATGAAAGGGAATAACGTTGATAAAGCTTTTAAAAGTATCGAACCTGATATGCAGCCCTATACGGAAATCATCACGAATAAAGATACAATCGACAAAGCAACACACGTGTTTGCACCAAGCAAACCGAAAGACTTAAAGACGTATCGCATGGTCTTCAATACGATTAGTGTTGAACGCATGAACTCAATACTATTTGATGATTCAACGATTGTTCGTAGCTCTCAAAGTGGTACGACAACATACAACAACAATACTGGCGTCGCCAACTACAACGATAAAGATGAAATGTATCATTATAAGAATTTATCTGAAGATGCGAAAAGTTCAAGCAACATGCAAGAAACCATCCCAGGCACATACGAGTTTATAAAT";"seq14";0;0;5372;9011;7;0;152;0;22;47;14;20;6174;6385;0;1341;6262;11436;117;0;35;90;0;0;0;0;171;1930;6384;7878;26140;36740;10298;12132;0;0;4252;7592;7002;5136;0;0;0;0;61;41;0;0;0;0;0;0;32;0
"5";"ACTTTAATTTTGATCGCCTCCTCATCGATCAAGATCATAATAACCACGTCGTATTATATGCGATTAGCAAAGACCGTCATGAAGTAGTTAAACTTAAGACAACGATGAAAGGGAATAATGTTGATAAAGCTTTTAAAAGTATCGAACCTGACATGCAGCCCTATACGGAAATCATCACGAATAAAGATACAATCGACAAAGCAACACACGTGTTTGCCCCAAGCAAACCGAAGGACTTAAAGACGTATCGCATGGTCTTCAATACGATTAGTGTTGAACGCATGAACTCAATACTATTTGATGATTCAACGATTGTTCGTAGCTCTCAAAGTGGTACGACAACATACAACAACAATACTGGCGTCGCCAACTACAACGATAAAGATGAAATGTATCATTATAAGAATTTATCTGAAGATGCGAAAAGTTCAAGCAACATGCAAGAAACCATCCCAGGCACATACGAGTTTATAAAT";"seq3";69;0;1102;3759;0;0;0;0;0;0;0;0;0;0;702;2682;0;0;0;0;0;0;1023;2207;0;0;115;0;18769;21404;10634;16299;34;0;0;0;0;0;0;0;0;338;0;0;0;0;0;0;0;0;13;0;0;0
"6";"ACTTTAATTTTGATCGCCTCCTCATCGATCAAGATCATAATAACCACGTCGTACTATATGCGATTAGCAAAGACCGTCATGAAGTAGTTAAACTTAAGACAACGATGAAAGGGAATAATGTTGACAAAGCTTTTAAAAGTATCGAACCTGACATGCAGCCCTATACGGAAATCATCACGAATAAAGATACAATCGACAAAGCAACACACGTGTTTGCACCAAGCAAACCGAAAGACTTAAAGACGTATCGCATGGTCTTCAATACGATTAGTGTTGAACGCATGAATTCAATACTATTTGATGATTCAACGATTGTTCGTAGCTCTCAAAGTGGTACGACAACATACAACAACAATACTGGTGTCGCCAACTATAACGATAAAGATGAAATGTATCATTATAAGAATTTATCTGAAGACGCGAAAAGTTCAAGCAACATGCAAGAAACCATCCCAGGCACATACGAGTTTATAAAT";"seq65";0;0;4;286;2175;1071;1335;2526;1261;1456;362;1133;0;0;338;1069;1257;2103;0;0;0;2;0;0;40;0;0;0;517;416;230;208;1917;4629;0;38;0;0;0;0;0;0;0;607;0;0;19773;13578;1271;2612;2320;4409;399;939
"7";"ACTTTAATTTTGATCGCCTCCTTATCGATCAAGATCATAATAACCACGTCGTACTATATGCGATTAGCAAAGACCGTCATGAAGTAGTTAAACTTAAGACAACGATGAAAGGGAATAATGTTGATAAAGCTTTTAAAAGTATCGAACCTGACATGCAGCCCTATACGGAAATCATCACGAATAAAGATACAATCGACAAAGCAACACACGTGTTTGCCCCAAGCAAACCGAAGGACTTAAAGACGTATCGCATGGTCTTCAATACGATTAGTGTTGAACGCATGAACTCAATACTATTTGATGATTCAACGATTGTTCGTAGCTCTCAAAGTGGTACGACAACATACAACAACAATACTGGCGTCGCCAACTACAACGATAAAGATGAAATGTATCATTATAAGAATTTATCTGAAGATGCGAAAAGTTCAAGCAACATGCAAGAAACCATCCCAGGCACATACGAGTTTATAAAT";"seq2";0;0;0;0;0;0;0;0;0;0;0;0;11343;11874;231;1315;0;0;0;0;0;0;0;0;0;0;0;0;217;276;173;368;11;0;0;0;0;0;0;0;0;0;0;0;16679;21996;0;0;0;0;27;37;0;32
"8";"ACTTTAATTTTGATCGTCTCCTTATCGATCAAGATCATAATAACCACGTCGTACTATTTGCGATTAGCAAAGACCGTCATGAAGTAGTTAAACTTAAGACAACGATGAAAGGGAATAATGTTGATAAAGCTTTTAAAAGTATCGAACCTGACATGCAGCCCTATACGGAAATCATCACGAATAAAGATACAATCGACAAAGCAACACACGTGTTTGCACCAAGCAAACCGAAAGACTTAAAGACGTATCGCATGGTCTTCAATACGATCAGTGTTGAACGCATGAACTCAATACTATTTGATGATTCAACGATTGTTCGTAGCTCTCAAAGTGGTACGACAACATACAACAACAATACTGGCGTCGCCAACTACAATGATAAAGATGAAATGTATCATTATAAGAATTTATCTGAAGATGCGAAAAGTTCAAGCAACATGCAAGAAACCATCCCAGGCACATACGAGTTTATAAAT";"seq36";0;0;0;0;1232;1950;536;1725;14780;25106;9891;6317;0;0;0;0;0;0;0;0;0;0;0;0;0;0;0;0;273;374;3;18;0;64;0;0;0;0;71;90;0;0;0;0;0;0;0;0;0;0;0;0;0;0
"9";"ACTTTAATTTTGATCGCCTCCTTATCGATCAAGATCATAATAACCACGTCGTACTATATGCGATTAGCAAAGACCGTCATGAAGTAGTTAAACTTAAGACAACGATGAAAGGGAATAACGTTGACAAAGCTTTTAAAAGTATCGAACCTGACATGCAACCCTATACGGAAATCATCACGAATAAAGATACAATCGACAAAGCAACACACGTGTTTGCACCAAGCAAACCGAAAGACTTAAAGACGTATCGCATGGTCTTCAATACGATCAGTGTTGAACGCATGAACTCAATACTATTTGATGATTCAACGATTGTTCGTAGCTCTCAAAGTGGTACGACAACATACAACAACAATACTGGTGTCGCCAACTATAACGATAAAGATGAAATGTATCATTATAAGAATTTATCTGAAGACGCGAAAAGTTCAAGCAACATGCAAGAAACCATCCCAGGCACATACGAGTTTATAAAT";NA;0;0;0;0;170;0;0;1328;247;0;215;328;7996;8625;0;0;0;0;0;0;0;0;0;0;0;0;0;0;0;17;0;0;42;0;0;23;0;0;0;0;0;0;14595;27776;18;20;23;0;0;0;0;0;0;0
"10";"ACTTTAATTTTGATCGCCTCCTTATCGATCAAGATCATAATAACCACGTCGTACTATATGCGATTAGCAAAGACCGTCATGAAGTAGTTAAACTTAAGACAACCATGAAAGGGAATAATGTTGATAAAGCTTTTAAAAGTATCGAACCTGACATGCAGCCCTATACGGAAATCATCACGAATAAAGATACAATCGACAAAGCAACACACGTGTTTGCACCAAGCAAACCGAAAGACTTAAAGACGTATCGCATGGTCTTCAATACGATTAGTGTTGAACGCATGAACTCAATACTATTTGATGATTCAACGATTGTTCGTAGCTCTCAAAGTGGTACGACAACATACAACAACAATACTGGCGTCGCCAACTACAACGATAAAGATGAAATGTATCATTATAAGAATTTATCTGAAGATGCGAAAAGTTCAAGCAACATGCAAGAAACCATCCCAGGCACATACGAGTTTATAAAT";"seq10";0;0;0;0;0;0;0;0;0;0;0;0;56;46;0;0;0;0;0;0;0;0;0;0;0;0;0;0;0;0;0;0;62;122;0;0;0;0;29253;29287;0;0;0;0;113;169;0;0;0;0;0;0;73;0
"11";"ACTTTAATTTTGATCGCCTTCTTATCGATCAAGATCATAATAACCACGTCGTACTATATGCGATTAGCAAAGACCGTCATGAAGTAGTTAAACTTAAGACAACCATGAAAGGGAATAATGTTGATAAAGCTTTTAAAAGTATCGAACCTGACATGCAACCCTATACGGAAATCATCACGAATAAAGATACAATCGACAAAGCAACACACGTGTTTGCACCAAGCAAACCGAAAGACTTAAAGACGTATCGCATGGTCTTCAATACGATTAGTGTTGAACGCATGAACTCAATACTATTTGATGATTCAACGATTGTTCGTAGCTCTCAAAGTGGTACGACAACATACAACAACAATACTGGCGTCGCCAACTACAACGATAAAGATGAAATGTATCATTATAAGAATTTATCTGAAGATGCGAAAAGTTCAAGTAACATGCAAGAAACCATACCAGGCACATACGAGTTTATAAAT";"seq21";0;0;0;0;485;1281;255;3045;1772;3409;9257;6929;0;0;2567;2894;207;324;60;433;4134;4032;0;0;0;0;0;0;2496;3169;0;0;0;0;0;0;0;0;49;65;0;0;1655;2531;0;0;0;0;0;0;0;0;0;0
"12";"ACTTTAATTTTGATCGCCTCCTCATCGATCAAGATCATAATAACCACGTTGTACTATATGCGATTAGCAAAGACCGTCATGAAGTAGTTAAACTTAAGACAACGATGAAAGGGAATAATGTTGATAAAGCTTTTAAAAGTATCGAACCTGACATGCAACCCTATACAGAAATCATCACGAATAAAGATACAATCGACAAAGCAACACACGTGTTTGCACCAAGCAAACCGAAAGACTTAAAGACGTATCGCATGGTCTTCAATACGATTAGTGTTGAACGCATGAATTCAATACTATTTGATGATTCAACGATTGTTCGTAGCTCTCAAAGTGGTACGACAACATACAACAACAATACTGGTGTCGCCAACTATAACGATAAAGATGAAATGTATCATTATAAGAATTTATCTGAAGACGCGAAAAGTTCAAGCAACATGCAAGAAACCATCCCAGGCACATACGAGTTTATAAAT";"seq55";0;0;90;28;3677;2687;2544;4507;552;1501;1061;774;0;0;18;0;480;3138;0;0;1606;1823;0;0;0;0;0;0;866;753;92;77;3;140;0;0;0;0;26;93;0;0;0;0;0;0;0;0;0;0;0;138;0;191
"13";"ACTTTAATTTTGATCGCCTCCTTATCGATCAAGATCATAATAACCACGTCGTACTATATGCGATTAGCAAAGACCGTCATGAAGTAATTAAACTAAAGACAACGATGAAAGGGAATAATGTTGATAAAGCTTTTAAAAGTATCGAACCTGACATGCAACCCTATACGGAAATCATCACGAATAAAGATACAATCGACAAAGCAACACACGTGTTTGCACCAAGCAAACCGAAAGACTTAAAGACGTATCGCATGGTCTTCAATACGATTAGTGTTGAACGCATGAACTCAATACTATTTGATGATTCAACGATCGTTCGTAGCTCTCAAAGTGGTACGACAACATACAACAACAATACTGGCGTCGCCAACTACAACGATAAAGATGAAATGTATCATTATAAGAATTTATCTGAAGATGCGAAAAGTTCAAGCAACATGCAAGAAACCATCCCAGGCACATACGAGTTTATAAAT";NA;0;0;208;205;1679;1150;1516;3408;1700;1553;1671;81;0;0;0;0;382;0;187;1641;288;349;0;0;0;0;0;231;0;19;0;21;1071;963;0;0;354;0;7;30;0;0;0;0;0;0;49;27;906;428;0;0;0;0
"14";"ACTTTAATTTTGATCGCCTCCTTATCGATCAAGATCATAATAACCACGTCGTACTATATGCGATTAGCAAAGACCGTCATGAAGTAGTTAAACTTAAGACAACGATGAAAGGGAATAATGTTGACAAAGCTTTTAAAAGTATCGAACCTGACATGCAGCCCTATACGGAAATCATCACGAATAAAGATACAATCGACAAAGCAACACACGTGTTTGCACCAAGCAAACCGAAAGACTTAAAGACATATCGTATGGTCTTCAATACGATTAGTGTTGAACGCATGAACTCAATACTATTTGATGATTCAACGATTGTTCGTAGCTCTCAAAGTGGTACGACAACATACAACAACAATACTGGCGTCGCCAACTATAACGATAAAGATGAAATGTATCATTATAAGAATTTATCTGAAGACGCGAAAAGTTCAAGCAACATGCAAGAAACCATCCCAGGCACATACGAGTTTATAAAT";NA;0;0;0;0;437;0;0;686;1362;1327;2658;1314;0;0;0;0;0;0;0;0;0;0;0;0;0;0;0;0;0;0;0;51;92;0;0;0;0;0;0;0;0;0;0;0;0;0;247;128;545;1772;2761;4709;0;579
"15";"ACTTTAATTTTGATCGCCTCCTTATCGATCAAGATCATAATAACCACGTTGTACTATATGCGATTAGCAAAGACCGTCATGAAGTAGTTAAACTTAAGACAACCATGAAAGGGAATAATGTTGATAAAGCTTTTAAAAGTATCGAACCTGACATGCAACCCTATACGGAAATCATCACGAATAAAGATACAATCGACAAAGCAACACACGTGTTTGCACCAAGCAAACCGAAAGACTTAAAGACGTATCGCATGGTCTTCAATACGATTAGTGTTGAACGCATGAACTCAATACTATTTGATGATTCAACGATTGTTCGTAGCTCTCAAAGTGGTACGACAACATACAACAACAATACTGGCGTCGCCAACTACAACGATAAAGATGAAATGTATCATTATAAGAATTTATCTGAAGATGCGAAAAGTTCAAGCAACATGCAAGAAACCATCCCAGGCACATACGAGTTTATAAAT";"seq9";0;0;712;1432;806;3672;498;2294;2130;2538;732;2445;0;0;0;0;0;0;0;0;0;0;0;0;0;0;0;0;0;0;0;0;0;0;0;0;0;0;0;0;0;0;0;0;0;0;0;0;0;0;0;0;0;0
"16";"ACTTTAATTTTGATCGTCTCCTTATCGATCAAGATCATAATAACCACGTCGTACTATTTGCGATTAGCAAAGACCGTCATGAAGTAGTTAAACTTAAGACAACGATGAAAGGGAATAATGTTGATAAAGCTTTTAAAAGTATCGAACCTGACATGCAGCCCTATACGGAAATCATCACGAATAAAGATACAATCGACAAAGCAACACACGTGTTTGCACCAAGCAAACCGAAAGACTTAAAGACGTATCGCATGGTCTTCAATACGATCAGTGTTGAACGCATGAACTCAATACTATTTGATGATTCAACGATTGTTCGTAGCTTTCAAAGTGGTACGACAACATACAACAACAATACTGGCGTCGCCAACTACAATGATAAAGATGAAATGTATCATTATAAGAATTTATCTGAAGACGCGAAAAGTTCAAGCAACATGCAAGAAACCATCCCAGGCACATACGAGTTTATAAAT";"seq36";0;0;3897;7637;0;0;0;0;0;0;0;0;0;0;0;0;0;0;0;0;0;0;0;0;0;0;0;0;0;0;0;0;0;0;0;0;0;0;0;0;0;0;0;0;0;0;0;0;0;0;0;0;0;0
"17";"ACTTTAATTTTGACCGCCTCCTTATCGATCAAGATCATAATAACCACGTCGTACTATATGCGATTAGCAAAGACCGTCATGAAGTAGTTAAACTTAAGACAACCATGAAAGGGAATAATGTTGATAAAGCTTTTAAAAGTATCGAACCTGACATGCAGCCCTATACGGAAATCATCACGAATAAAGATACAATCGACAAAGCAACACACGTGTTTGCACCAAGCAAACCGAAAGACTTAAAGACGTATCGCATGGTCTTCAATACGATTAGTGTTGAACGCATGAACTCAATACTATTTGATGATTCAACGATTGTTCGTAGCTCTCAAAGTGGTACGACAACATACAACAACAATACTGGCGTCGCCAACTACAACGATAAAGATGAAATGTATCATTATAAGAATTTATCTGAAGATGCGAAAAGTTCAAGCAACATGCAAGAAACCATCCCAGGCACATACGAGTTTATAAAT";NA;0;0;0;0;0;138;186;447;0;0;0;0;347;326;597;0;0;0;0;0;0;0;69;0;0;0;0;0;67;36;178;151;819;1276;0;0;0;0;0;0;0;0;0;0;1159;1592;0;0;0;0;0;0;301;0
"18";"ACTTTAATTTTGATCGCCTCCTCATCGATCAAGATCATAATAACCACGTCGTACTATATGCGATTAGCAAAGACCGTCATGAAGTAGTTAAACTTAAGACAACGATGAAAGGGAATAATGTTGACAAAGCTTTTAAAAGTATCGAACCTGACATGCAGCCCTATACGGAAATCATCACGAATAAAGATACAATCGACAAAGCAACACACGTGTTTGCACCAAGCAAACCGAAAGACTTAAAGACGTATCGCATGGTCTTCAATACGATTAGTGTTGAACGCATGAACTCAATACTATTTGATGATTCAACGATTGTTCGTAGCTCTCAAAGTGGTACGACAACATACAACAACAATACTGGTGTCGCCAACTACAATGATAAAGATGAAATGTATCATTATAAGAATTTATCTGAAGACGCAAAAAGTTCAAGCAACATGCAAGAAACCATCCCAGGCACATACGAGTTTATAAAT";"seq53";0;0;105;104;735;80;184;2620;239;753;230;805;0;0;2;0;0;0;0;0;0;14;0;0;0;0;0;0;0;0;0;0;0;0;0;0;0;0;0;0;0;0;0;0;0;0;0;0;0;0;0;0;0;0
"19";"ACTTTAATTTTGATCGCCTCCTTATCGATCAAGATCATAATAACCACGTCGTACTATATGCGATTAGCAAAGACCGTCATGAAGTAGTTAAACTTAAGACAACCATGAAAGGGAATAATGTTGATAAAGCTTTTAAAAGTATCGAACCTGACATGCAGCGTTATACGGAAATCATCACGAATAAAGATACAATCGACAAAGCAACACACGTGTTTGCACCAAGCAAACCGAAAGACTTAAAGACGTATCGCATGGTCTTCAATACGATTAGTGTTGAACGCATGAACTCAATACTATTTGATGATTCAACGATCGTTCGTAGCTCTCAAAGTGGTACGACAACATACAACAACAATACTGGCGTCGCCAACTACAACGATAAAGATGAAATGTATCATTATAAGAATTTATCTGAAGATGCGAAAAGTTCAAGCAACATGCAAGAAACCATCCCAGGCACATACGAGTTTATAAAT";NA;0;0;0;0;516;0;0;729;912;1704;1428;348;0;0;0;0;0;0;0;0;0;0;0;0;0;0;0;0;0;0;0;0;0;0;0;0;0;0;0;0;0;0;0;0;0;0;0;0;0;0;0;0;0;0
"20";"ACTTTAATTTTGATCGCCTCCTTATCGATCAAGATCATAATAACCACGTCGTACTATATGCGATTAGCAAAGACCGTCATGAAGTAGTTAAACTTAAGACAACGATGAAAGGAAATAACGTTGATAAAGCTTTTAAAAGTATCGAACCTGACATGCAACCCTATACGGAAATCATCACGAATAAAGATACAATCGACAAAGCAACACACGTGTTTGCACCAAGCAAACCGAAAGACTTAAAGACGTATCGCATGGTCTTCAATACGATTAGTGTTGAACGCATGAACTCAATACTATTTGATGATTCAACGATTGTTCGTAGCTCTCAAAGTGGTACGACAACATACAACAACAATACTGGCGTCGCCAACTACAACGATAAAGATGAAATGTATCATTATAAGAATTTATCTGAAGATGCGAAAAGTTCAAGTAACATGCAAGAAACCATCCCAGGCACATACGAGTTTATAAAT";NA;0;0;0;0;840;0;0;0;0;0;0;0;0;0;1375;980;0;0;0;0;0;0;0;0;0;0;0;0;0;0;0;0;0;0;0;0;997;0;190;186;0;0;0;0;0;0;0;0;233;510;0;0;0;0
"21";"ACTTTAATTTTGATCGCCTCCTTATCGATCAAGATCATAATAACCACGTCGTACTATTTGCGATTAGCAAAGACCGTCATGAAGTAGTTAAACTTAAGACAACGATGAAAGGGAATAATGTTGATAAAGCTTTTAAAAGTATCGAACCTGACATGCAGCCCTATACGGAAATCATCACGAATAAAGATACAATCGACAAAGCAACACACGTGTTTGCACCAAGCAAACCGAAAGACTTAAAGACGTATCGCATGGTCTTCAATACGATAAGTGTTGAACGCATGAACTCAATACTATTTGATGATTCAACGATTGTTCGTAGCTCTCAAAGTGGTACGACAACATACAACAACAATACTGGCGTCGCCAACTACAATGATAAAGATGAAATGTATCATTATAAGAATTTATCTGAAGACGCGAAAAGTTCAAGCAACATGCAAGAAACCATCCCAGGCACATACGAGTTTATAAAT";"seq42";0;0;0;0;0;0;0;0;0;0;0;0;0;0;0;108;865;1761;0;0;0;0;0;0;0;0;0;0;0;0;0;0;0;0;0;0;0;0;0;0;0;0;0;0;0;0;420;215;984;464;0;0;0;0
"22";"ACTTTAATTTTGATCGCCTCCTCATCGATCAAGATCATAATAACCACGTCGTACTATATGCGATTAGCAAAGACCGTCATGAAGTAGTTAAACTTAAGACAACGATGAAAGGGAATAACGTTGATAAAGCTTTTAAAAGTATCGAACCTGACATGCAGCCCTATACGGAAATCATCACGAATAAAGATACAATCGACAAAGCAACACACGTGTTTGCACCAAGCAAACCGAAAGACTTAAAGACGTATCGCATGGTCTTCAATACGATCAGTGTTGAACGCATGAACTCAATACTATTTGATGATTCAACGATTGTTCGTAGCTCTCAAAGTGGTACGACAACATACAACAACAATACTGGTGTCGCCAACTACAATGATAAAGATGAAATGTATCATTATAAGAATTTATCTGAAGACGCGAAAAGTTCAAGCAACATGCAAGAAACCATCCCAGGCACATACGAGTTTATAAAT";NA;0;0;0;0;0;0;0;0;762;1197;0;702;0;0;0;0;0;0;0;0;0;0;0;0;0;0;0;0;0;0;0;0;0;0;0;0;0;0;0;0;0;0;0;0;0;0;296;211;586;413;0;0;0;0
"23";"ACTTTAATTTTGATCGCCTCCTTATCGATCAAGATCATAATAACCTCGTCGTACTATATGCGATTAGCAAAGACCGTCATGAAGTAGTTAAACTTAAGACAACCATGAAAGGGAATAATGTTGATAAAGCTTTTAAAAGTATCGAACCTGACATGCAGCCTTATACGGAAATCATCACGAATAAAGATACAATCGACAAAGCAACACACGTGTTTGCACCAAGCAAACCGAAAGACTTAAAGACGTATCGCATGGTCTTCAATACGATTAGTGTTGAACGCATGAACTCAATACTATTTGATGATTCAACGATCGTTCGTAGCTCTCAAAGTGGTACGACAACATACAACAACAATACTGGCGTCGCCAACTACAACGATAAAGATGAAATGTATCATTATAAGAATTTATCTGAAGATGCGAAAAGTTCAAGCAACATGCAAGAAACCATCCCAGGCACATACGAGTTTATAAAT";NA;0;0;0;0;0;0;0;0;0;0;0;0;0;0;0;0;0;0;0;0;0;0;0;0;0;0;0;0;0;0;0;0;0;0;0;0;0;0;2044;1977;0;0;0;0;0;0;0;0;0;0;0;0;0;0
"24";"ACTTTAATTTTGATCGCCTCCTTATCGATCAAGATCATAATAACCACGTTGTACTATATGCGATTAGCAAAGACCGTCATGAAGTAGTTAAACTTAAGACAACGATGAAAGGGAATAATGTTGATAAAGCTTTTAAAAGTATCGAACCTGACATGCAACCCTATACGGAAATCATCACGAATAAAGATACAATCGACAAAGCAACACACGTGTTTGCACCAAGCAAACCGAAAGACTTAAAGACGTATCGCATGGTCTTCAATACGATTAGTGTTGAACGCATGAACTCAATACTATTTGATGATTCAACGATTGTTCGTAGCTCTCAAAGTGGTACGACAACATACAACAACAATACTGGCGTCGCCAACTACAACGATAAAGATGAAATGTATCACTATAAGAATTTATCTGAAGACGCGAAAAGTTCAAGCAACATGCAAGAAACCATCCCAGGCACATACGAGTTTATAAAT";"seq7";0;0;0;0;0;0;0;0;0;0;0;0;0;0;0;383;0;0;0;0;0;0;0;0;0;0;0;0;0;0;0;0;969;2237;0;0;0;0;0;0;0;0;0;0;0;0;0;0;0;0;0;0;0;0
"25";"ACTTTAATTTTGATCGCCTCCTCATCGATCAAGATCATAATAACCACGTCGTACTATATGCGATTAGCAAAGACCGTCATGAAGTAGTTAAACTTAAGACAACGATGAAAGGGAATAACGTTGATAAAGCTTTTAAAAGTATCGAACCTGACATGCAACCCTATACGGAAATCATCACGAATAAAGATACAATCGACAAAGCAACACACGTGTTTGCCCCAAGCAAACCGAAAGACTTAAAGACGTATCGCATGGTCTTCAATACGATTAGTGTTGAACGCATGAATTCAATACTATTTGATGATTCAACGATTGTTCGTAGCTCTCAAAGTGGTACGACAACATACAACAACAATACTGGTGTCGCCAACTACAATGATAAAGATGAAATGTATCATTATAAGAATTTATCTGAAGACGCGAAAAGTTCAAGCAACATGCAAGAAACCATCCCAGGCACATACGAGTTTATAAAT";"seq57";0;0;0;0;0;0;0;0;0;0;0;0;0;0;0;0;0;685;0;0;0;0;0;0;0;0;0;0;0;0;35;28;695;1490;0;0;0;0;0;0;0;0;0;0;0;0;0;0;0;0;0;0;82;0
"26";"ACTTTAATTTTGATCGCCTTCTTATCGATCAAGATCATAATAACCACGTCGTACTATATGCGATTAGCAAAGACCGTCATGAAGTAGTTAAACTTAAGACAACCATGAAAGGGAATAATGTTGACAAAGCTTTTAAAAGTATCGAACCTGACATGCAGCCCTATACGGAAATCATCACGAATAAAGATACAATCGACAAAGCAACACACGTGTTTGCACCAAGCAAACCGAAAGACTTAAAGACGTATCGCATGGTCTTCAATACGATTAGTGTTGAACGCATGAACTCAATACTATTTGATGATTCAACGATTGTTCGTAGCTCTCAAAGTGGTACGACAACATACAACAACAATACTGGTGTCGCCAACTACAATGATAAAGATGAAATGTATCATTATAAGAATTTATCTGAAGACGCAAAAAGTTCAAGCAACATGCAAGAAACCATCCCAGGCACATACGAGTTTATAAAT";"seq50";0;0;0;0;0;0;0;0;0;0;0;0;0;0;316;0;0;0;0;0;0;0;0;0;0;0;0;2382;0;0;0;0;0;0;0;0;0;0;0;0;0;0;0;0;0;0;0;0;0;0;0;0;0;0
"27";"ACTTTAATTTTGATCGCCTCCTCATCGATCAAGATCATAATAACCACGTTGTACTATATGCGATTAGCAAAGACCGTCATGAAGTAGTTAAACTTAAGACAACGATGAAAGGGAATAATGTTGATAAAGCTTTTAAAAGTATCGAACCTGACATGCAACCCTATACAGAAATCATCACGAATAAAGATACAATCGACAAAGCAACACACGTGTTTGCACCAAGCAAACCGAAAGACTTAAAGACGTATCGCATGGTCTTCAATACGATTAGTGTTGAACGCATGAATTCAATACTATTTGATGATTCAACGATTGTTCGTAGCTCTCAAAGTGGTACGACAACATACAACAACAATACTGGTGTCGCCAACTATAACGATAAAGATGAAATGTATCATTATAAGAATTTATCTGAAGACGCGAAAAGTTTAAGCAACATGCAAGAAACCATCCCAGGCACATACGAGTTTATAAAT";"seq55";0;0;0;0;1922;0;0;0;0;0;0;103;0;0;0;0;0;0;0;0;0;0;0;0;0;0;0;0;0;0;0;0;135;318;0;0;0;0;0;0;0;0;0;0;0;0;0;0;0;0;0;0;0;0
"28";"ACTTTAATTTTGATCGCCTCCTCATCGATCAAGATCATAATAACCACGTCGTACTATATGCGATTAGCAAAGACCGTCATGAAGTAGTTAAACTTAAGACAACGATGAAAGGGAATAACGTTGACAAAGCATTTAAAAGTATCGAACCTGACATGCAACCCTATACGGAAATCATCACGAATAAAGATACAATCGACAAAGCAACACACGTGTTTGCCCCAAGCAAACCGAAAGACTTAAAGACGTATCGCATGGTCTTCAATACGATTAGTGTTGAACGCATGAATTCAATACTATTTGATGATTCAACGATTGTTCGTAGCTCTCAAAGTGGTACGACAACATACAACAACAATACCGGTGTCGCCAACTACAACGATAAAGATGAAATGTATCATTATAAGAATTTATCTGAAGACGCGAAAAGTTCAAGCAACATGCAAGAAACCATCCCAGGCACATACGAGTTTATAAAT";"seq56";0;0;0;0;196;56;97;0;0;0;225;77;0;0;0;0;0;0;0;0;0;0;0;0;0;0;0;1112;179;294;25;0;0;0;0;0;0;0;0;0;0;0;0;0;0;0;0;0;0;0;0;0;0;0
"29";"ACTTTAATTTTGATCGCCTCCTCATCGATCAAGATCATAATAACCACGTCGTACTATATGCGATTAGCAAAGACCGTCATGAAGTAGTTAAACTTAAGACAACGATGAAAGGGAATAATGTTGACAAAGCTTTTAAAAGTATCGAACCTGACATGCAGCCCTATACGGAAATCATCACGAATAAAGATACAATCGACAAAGCAACACACGTGTTTGCACCAAGCAAACCGAAAGACTTAAAGACGTATCGCATGGTCTTCAATACGATTAGTGTTGAACGCATGAACTCAATACTATTTGATGATTCAACGATTGTTCGTAGCTCTCAAAGTGGTACGACAACATACAACAACAATACTGGTGTCGCCAACTACAATGATAAAGATGAAATGTATCATTATAAGAATTTATCTGAAGACGCGAAAAGTTCAAGCAACATGCAAGAAACCATCCCAGGCACATACGAGTTTATAAAT";NA;0;0;0;0;0;0;0;0;58;135;1241;566;0;0;0;0;0;0;0;0;0;0;0;0;0;0;0;0;0;0;0;0;0;0;0;0;0;0;0;0;0;0;0;0;0;0;0;0;0;0;0;0;0;0
"30";"ACTTTAATTTTGATCGCCTCCTTATCGATCAAGATCATAATAACCACGTCGTACTATTTGCGATTAGCAAAGACCGTCATGAAGTAGTTAAACTTAAGACAACGATGAAAGGGAATAATGTTGATAAAGCTTTTAAAAGTATCGAACCTGACATGCAGCCCTATACGGAAATCATCACGAATAAAGATACAATCGACAAAGCAACACACGTGTTTGCACCAAGCAAACCGAAAGACTTAAAGACGTATCGCATGGTCTTCAATACGATCAGTGTTGAACGCATGAACTCAATACTATTTGATGATTCAACGATTGTTCGTAGCTCTCAAAGTGGTACGACAACATACAACAACAATACTGGCGTCGCCAACTACAATGATAAAGATGAAATGTATCATTATAAGAATTTATCTGAAGACGCGAAAAGTTCAAGCAACATGAAAGAAACCATCCCAGGCACATACGAGTTTATAAAT";NA;0;0;0;0;0;0;0;0;0;0;0;0;0;0;0;0;0;0;0;0;0;0;0;0;0;0;0;0;0;0;0;0;0;0;638;1057;0;0;0;0;0;0;0;0;0;0;0;0;0;0;190;0;0;0
"31";"ACTTTAATTTTAATCGCCTCCTTATCGATCAAGATCATAATAACCACGTTGTACTATATGCGATTAGCAAAGACCGTCATGAAGTAGTTAAACTTAAGACAACGATGAAAGGGAATAACGTTGATAAAGCTTTTAAAAGTATCGAACCTGACATGCAACCCTATACGGAAATCATCACGAATAAAGATACAATCGACAAAGCAACACACGTGTTTGCACCAAGCAAACCGAAAGACTTAAAGACGTATCGCATGGTCTTCAATACGATTAGTGTTGAACGCATGAACTCAATACTATTTGATGATTCAACGATTGTTCGTAGCTCTCAAAGTGGTACGACAACATACAACAACAATACTGGCGTCGCCAACTACAACGATAAAGATGAAATGTATCATTATAAGAATTTATCTGAAGATGCGAAAAGTTCAAGCAACATGCAAGAAACTATCCCAGGCACATACGAGTTTATAAAT";NA;0;0;0;121;0;0;0;136;243;130;443;178;0;0;0;0;0;0;0;0;62;0;0;0;0;0;0;0;0;0;0;0;0;0;0;0;0;0;0;0;0;0;79;0;0;0;98;55;170;77;0;0;0;0
"32";"ACTTTAATTTTGACCGCCTCCTTATCGATCAAGATCATAATAACCACGTCGTACTATATGCGATTAGCAAAGACCGTCATGAAGTAGTTAAACTTAAGACAACGATGAAAGGGAATAATGTTGATAAAGCTTTTAAAAGTATCGAACCTGACATGCAGCCCTATACGGAAATCATCACGAATAAAGATACAATCGACAAAGCAACACACGTGTTTGCACCAAGCAAACCGAAAGACTTAAAGACGTATCGCATGGTCTTCAATACGATTAGTGTTGAACGCATGAACTCAATACTATTTAATGATTCAACGATTGTTCGTAGCTCTCAAAGTGGTACGACAACATACAACAACAATACTGGCGTCGCCAACTACAACGATAAAGATGAAATGTATCATTATAAGAATTTATCTGAAGATGCGAAAAGTTCAATCAACATGCAAGAAACCATCCCAGGCACATACGAGTTTATAAAT";"seq25";0;0;0;0;0;0;51;22;274;150;144;721;0;0;0;0;0;0;0;0;0;0;0;0;0;0;0;0;0;0;0;0;0;0;0;0;0;0;82;63;0;0;0;0;0;0;0;0;0;0;0;0;0;0
"33";"ACTTTAATTTTGATCGCCTCCTCATCGATCAAGATCATAATAACCACGTCGTACTATATGCGATTAGCAAAGACCGTCATGAAGTAGTTAAACTTAAGACAACGATGAAAGGGAATAATGTTGACAAAGCTTTTAAAAGTATCGAACCTGACATGCAGCCCTATACGGAAATCATCACGAATAAAGATACAATCGACAAAGCAACACACGTGTTTGCACCAAGCAAACCGAAAGACTTAAAGACGTATCGCATGGTCTTCAATACGATTAGTGTTGAACGCATGAACTCAATACTATTTGATGATTCAACAATTGTTCGTAGCTCTCAAAGTGGTACGACAATATACAACAACAATACTGGTGTCGCCAACTACAACGATAAAGATGAAATGTATCATTATAAGAATTTATCTGAAGACGCGAAAAGTTCAAGCAACATGCAAGAAACCATCCCAGGCACGTACGAGTTTATAAAT";"seq35";0;0;0;0;0;0;0;0;0;0;0;0;0;0;0;0;0;0;0;0;0;0;687;722;0;0;0;0;0;0;0;0;0;0;0;0;0;0;0;0;0;0;0;0;0;0;0;0;0;0;0;0;0;0
"34";"ACTTTAATTTTGATCGCCTCCTTATCGATCAAGATCATAATAACCACGTCGTACTATATGCGATTAGCAAAGACCGTCATGAAGTAGTTAAACTTAAGACAACGATGAAAGGGAATAACGTTGACAAAGCTTTTAAAAGTATCGAACCTGACATGCAACCCTATACGGAAATCATCACGAATAAAGATACAATCGACAAAGCAACACACGTGTTTGCACCAAGCAAACCGAAAGACTTAAAGACGTATCGCATGGTCTTCAATACGATCAGTGTTGAACGCATGAACTCAATACTATTTGATGATTCAACGATTGTTCGTAGCTCTCAAAGTGGTACGACAACATACAACAACAATACTGGCGTCGCCAACTACAATGATAAAGATGAAATGTATCATTATAAGAATTTATCTGAAGACGCGAAAAGTTCAAGCAACATGCAAGAAACCATCCCAGGCACATACGAGTTTATAAAT";"seq60";0;0;0;0;3;0;0;6;4;0;5;3;680;625;0;0;0;0;1;0;0;0;0;0;9;7;11;12;0;0;0;0;4;0;0;5;0;0;0;0;0;0;11;2;4;4;1;0;0;0;0;0;0;0
"35";"ACTTTAATTTTGATCGCCTCCTCATCGATCAAGATCATAATAACCACGTCGTACTATATGCGATTAGCAAAGACCGTCATGAAGTAGTTAAACTTAAGACAACGATGAAAGGGAATAATGTTGATAAAGCTTTTAAAAGTATCGAATCTGACATGCAGCCCTATACGGAAATCATCACGAATAAAGATACAATCGACAAAGCAACACACGTGTTTGCACCAAGCAAACCGAAAGACTTAAAGACGTATCGCATGGTCTTCAATACGATTAGTGTTGAACGCATGAACTCAATACTATTTGATGATTCAACGATTGTTCGTAGCTCTCAAAGTGGTACGACAACATACAACAACAATACTGGTGTCGCCAACTATAACGATAAAGATGAAATGTATCATTATAAGAATTTATCTGAAGACGCGAAAAGTTCAAACAACATGCAAGAAACCATCCCAGGCACATACGAGTTTATAAAT";"seq63";0;0;0;0;0;0;0;0;0;0;0;0;0;0;0;0;0;0;0;0;0;0;0;60;0;0;0;0;0;0;0;0;0;0;0;0;217;1021;0;0;0;0;0;0;0;0;0;0;0;0;0;0;0;0
"36";"ACTTTAATTTTGATCGCCTTCTTATCGATCAAGATCATAATAACCACGTCGTACTATATGCGATTAGCAAAGACCGTCATGAAGTAGTTAAACTTAAGACAACGATGAAAGGGAATAATGTTGACAAAGCTTTTAAAAGTATCGAATCTGACATGCAGCCCTATACTGAAATCATCACGAATAAAGATACAATCGACAAAGCAACACACGTGTTTGCACCAAGCAAACCGAAAGACTTAAAGACGTATCGCATGGTCTTCAATACGATTAGTGTTGAACGCATGAACTCAATACTATTTGATGATTCAACGATTGTTCGTAGCTCTCAAAGTGGTACGACAACATACAACAACAATACTGGTGTCGCCAACTATAACGATAAAGATGAAATGTATCATTATAAGAATTTATCTGAAGACGCGAAAAGTTCAAGCAACATGCAAGAAACCATCCCAGGCACATACGAGTTTATAAAT";"seq58";0;0;0;0;0;0;0;0;0;0;0;0;0;0;0;0;0;0;0;0;0;0;0;693;0;336;0;0;6;0;0;0;199;0;0;0;0;0;0;0;0;0;0;0;0;0;0;0;0;0;0;0;0;0
"37";"ACTTTAATTTTGATCGCCTCCTTATCGATCAAGATCATAATAACCACGTCGTACTATATGCGATTAGCAAAGACCGTCATGAAGTAGTTAAACTTAAGACAACGATGAAAGGGAATAACGTTGATAAAGCTTTTAAAAGTATCGAACCTGATATGCAGCCCTATACGGAAATCATCACGAATAAAGATACAATCGACAAAGCAACACACGTGTTTGCACCAAGCAAACCGAAAGACTTAAAGACGTATCGCATGGTCTTCAATACGATTAGTGTTGAACGCATGAACTCAATACTATTTGATGATTCAACGATCGTTCGTAGCTCTCAAAGTGGTACGACAACATACAACAACAATACTGGCGTCGCCAACTACAACGATAAAGATGAAATGTATCATTATAAGAATTTATCTGAAGATGCGAAAAGTTCAAGCAACATGCAAGAAACCATCCCAGGCACATACGAGTTTATAAAT";NA;0;0;12;20;0;0;3;0;0;4;0;1;0;0;0;9;56;72;3;12;0;3;0;0;0;0;0;7;179;274;90;139;42;46;0;0;23;53;33;20;0;0;0;0;0;0;0;0;0;0;43;45;2;38
"38";"ACTTTAATTTTGATCGCCTCCTCATCGATCAAGATCATAATAACCACGTCGTACTATATGCGATTAGCAAAGACCGTCATGAAGTAGTTAAACTTAAGACAACGATGAAAGGGAATAATGTTGACAAAGCTTTTAAAAGTATCGAACCTGACATGCAGCCCTATACGGAAATCATCACGAATAAAGATACAATCGACAAAGCAACACACGTGTTTGCACCAAGCAAACCGAAAGACTTAAAGACGTATCGCATGGTCTTCAATACGATTAGTGCTGAACGCATGAATTCAATACTATTTGATGATTCAACGATTGTTCGTAGCTCTCAAAGTGGTACGACAACATACAACAACAATACTGGTGTCGCCAACTATAACGATAAAGATGAAATGTATCATTATAAGAATTTATCTGAAGACGCGAAAAGTTCAAGCAACATGCAAGAAACCATCCCAGGCACATACGAGTTTATAAAT";"seq65";0;0;0;0;0;0;0;0;0;0;0;0;0;0;0;0;0;0;0;0;0;0;0;0;0;0;0;0;0;0;95;126;721;241;0;0;0;0;0;0;0;0;0;0;0;0;0;0;0;0;0;0;0;0
"39";"ACTTTAATTTTGATCGCCTCCTTATCGATCAAGATCATAATAACCACGTCGTACTATATGCGATTAGCAAAGACCGTCATGAAGTAGTTAAACTTAAGACAACGATGAAAGGTAATAACGTTGATAAAGCTTTTAAAAGTATCGAACCTGATATGCAGCCCTATACGGAAATCATCACGAATAAAGATACAATCGACAAAGCAACACACGTGTTTGCACCAAGCAAACCGAAAGACTTAAAGACGTATCGCATGGTCTTCAATACGATTAGTGTTGAACGCATGAATTCAATACTATTTGATGATTCAACGATTGTTCGTAGCTCTCAAAGTGGTACGACAACATACAACAACAATACTGGTGTCGCCAACTATAACGATAAAGATGAAATGTATCATTATAAGAATTTATCTGAAGACGCGAAAAGTTCAAGCAACATGCAAGAAACCATCCCAGGCACATACGAGTTTATAAAT";NA;0;0;0;0;0;0;0;0;0;0;0;0;0;0;0;0;0;0;0;0;0;0;0;0;0;0;0;0;0;0;0;0;0;0;0;0;0;0;0;0;0;0;0;0;0;0;0;0;0;0;0;0;0;1062
"40";"ACTTTAATTTTGATCGCCTCCTTATCGATCAAGATCATAATAACCACGTCGTACTATATGCGATTAGCAAAGATCGTCATGAAGTAGTTAAACTTAAGACAACCATGAAAGGGAATAATGTTGATAAAGCTTTTAAAAGTATCGAACCTGACATGCAGCCCTATACGGAAATCATCACGAATAAAGATACAATCGACAAAGCAACACACGTGTTTGCACCAAGCAAACCGAAAGACTTAAAGACGTATCGCATGGTCTTCAATACGATTAGTGTTGAACGCATGAACTCAATACTATTTGATGATTCAACGATTGTTCGTAGCTCTCAAAGTGGTACGACAACATACAACAACAATACTGGCGTCGCCAACTACAACGATAAAGATGAAATGTATCATTATAAGAATTTATCTGAAGATGCGAAAAGTTCAAGCAACATGCAAGAAACCATCCCAGGCACATACGAGTTTATAAAT";"seq20";0;0;0;0;0;0;0;0;0;0;0;0;0;0;0;0;0;0;0;0;449;487;0;0;0;0;0;0;0;0;0;0;0;0;0;0;0;0;0;0;0;0;0;0;0;0;0;0;0;0;0;0;0;0
"41";"ACTTTAATTTTGATCGCCTCCTTATCGATCAAGATCATAATAACCACGTCGTACTATATGCGATTAGCAAAGACCGTCATGAAGTAGTTAAACTTAAGACAACGATGAAAGGGAATAATGTTGATAAAGCTTTTAAAAGTATCGAACCTGACATGCAGCCCTATACGGAAATCATCACGAATAAAGATACAATCGACAAAGCAACACACGTGTTTGCACCAAGCAAACCGAAAGACTTAAAGACGTATCGCATGGTCTTCAATACGATTAGTGTTGAACGCATGAACTCAATACTATTTGATGATTCAACGATTGTTCGTAGCTCTCAAAGTGGTACGACAACATACAACAACAATACTGGTGTCGCCAACTACAACGATAAAGATGAAATGTATCATTATAAGAATTTATCTGAAGATGCGAAAAGTTCAAGTAACATGCAAGAAACCATCCCAGGCACATACGAGTTTATAAAT";NA;0;0;0;0;0;920;0;0;0;0;0;0;0;0;0;0;0;0;0;0;0;0;0;0;0;0;0;0;0;0;0;0;0;0;0;0;0;0;0;0;0;0;0;0;0;0;0;0;0;0;0;0;0;0
"42";"ACTTTAATTTTGATCGCCTCCTTATCGATCAAGATTATAATAACCACGTTGTACTATTTGCGATTAGCAAAGACCGTCATGAAGTAGTTAAACTTAAGACAACGATGAAAGGGAATAATGTTGATAAAGCTTTTAAAAGTATCGAACCTGACATGCAGCCCTATACGGAAATCATCACGAATAAAGATACAATCGACAAAGCAACACACGTGTTTGCACCAAGCAAACCGAAAGACTTAAAGACGTATCGCATGGTCTTCAATACGATTAGTGTTGAACGCATGAACTCAATACTATTTGATGATTCAACGATTGTTCGTAGCTCTCAAAGTGGTACGACAACATACAACAACAATACTGGTGTCGCCAACTACAACGATAAAGATGAAATGTATCATTATAAGAATTTATCTGAAGATGCGAAAAGTTCAAGTAACATGCAAGAAACCATCCCAGGCACATACGAGTTTATAAAT";NA;0;0;0;0;0;0;0;0;0;0;472;91;0;0;0;0;0;0;0;0;0;62;0;0;0;0;0;282;0;0;0;0;0;0;0;0;0;0;0;0;0;0;0;0;0;0;0;0;0;0;0;0;0;0
"43";"ACTTTAATTTTGATCGCCTCCTCATCGATCAAGATCATAATAACCACGTCGTACTATATGCGATTAGCAAAGACCGTCATGAAGTAGTTAAACTTAAGACAACGATGAAAGGGAATAATGTTGATAAAGCTTTTAAAAGTATCGAACCTGATATGCAGCCCTATACGGAAATCATCACGAATAAAGATACAATCGACAAAGCAACACACGTGTTTGCACCAAGCAAACCGAAAGACTTAAAGACGTATCGCATGGTCTTCAATACGATTAGTGTTGAACGCATGAACTCAATACTATTTGATGATTCAACGATTGTTCGTAGCTCTCAAAGTGGTACGACAACATACAACAACAACACTGGCGTCGCCAATTACAACGATAAAGATGAAATGTATCATTATAAGAATTTATCTGAAGACGCGAAAAGTTCAAGCAACATGCAAGAAACCATCTCAGGCACGTACGAGTTTATAAAT";"seq46";0;0;0;0;0;0;0;0;0;0;0;0;0;0;0;0;0;906;0;0;0;0;0;0;0;0;0;0;0;0;0;0;0;0;0;0;0;0;0;0;0;0;0;0;0;0;0;0;0;0;0;0;0;0
"44";"ACTTTAATTTTGATCGCCTCCTTATCGATCAAGATTATAATAACCACGTCGTACTATATGCGATTAGCAAAGACCGTCATGAAGTAGTTAAACTTAAGACAACCATGAAAGGGAATAATGTTGATAAAGCTTTTAAAAGTATCGAACCTGACATGCAACCCTATACGGAAATCATCACGAATAAAGATACAATCGACAAAGCAACACACGTGTTTGCACCAAGCAAACCGAAAGACTTAAAGACGTATCGCATGGTCTTCAATACGATTAGTGTTGAACGCATGAACTCAATACTATTTGATGATTCAACAATCGTTCGTAGCTCTCAAAGTGGTACGACAACATACAACAACAATACTGGCGTCGCCAACTACAACGATAAAGATGAAATGTATCATTATAAGAATTTATCTGAAGATGCGAAAAGTTCAAGCAACATGCAAGAAACCATCCCAGGCACATACGAGTTTATAAAT";"seq28";0;0;0;0;0;0;109;624;0;0;0;0;0;0;0;0;0;0;0;0;0;0;0;0;0;0;0;0;0;0;0;0;0;0;0;0;73;0;0;0;0;0;0;0;0;0;0;0;0;0;0;0;0;0
"45";"ACTTTAATTTTGATCGCCTCCTCATCGATCAAGATCATAATAACCACGTCGTACTATATGCGATTAGCAAAGACCGTCATGAAGTAGTTAAACTTAAGACAACGATGAAAGGGAATAACGTTGATAAAGCTTTTAAAAGTATCGAACCTGACATGCAGCCCTATACGGAAATCATCACGAATAAAGATACAATCGACAAAGCAACACACGTGTTTGCACCAAGCAAACCGAAAGACTTAAAGACGTATCGCATGGTCTTCAATACGATTAGTGTTGAACGCATGAATTCAATACTATTTGATGATTCAACGATTGTTCGTAGCTCTCAAAGTGGTACGACAACATACAACAACAATACTGGTGTCGCCAACTATAACGATAAAGATGAAATGTATCATTATAAGAATTTATCTGAAGACGCGAAAAGTTCAAGCAACATGCAAGAAACCATCCCAGGCACATACGAGTTTATAAAT";NA;0;0;0;0;0;747;0;0;0;0;0;0;0;0;0;0;0;0;0;0;0;0;0;0;0;0;0;0;0;0;0;0;0;0;0;0;0;0;0;0;0;0;0;0;0;0;0;0;0;0;0;0;0;0
"46";"ACTTTAATTTTGATCGCCTCCTTATCGATCAAGATCATAATAACCACGTCGTACTATATGCGATTAGCAAAGACCGTCATGAAGTAGTTAAACTTAAGACAACCATGAAAGGGAATAATGTTGATAAAGCTTTTAAAAGTATCGAACCTTACATGCAGCCTTATACGGAAATCATCACGAATAAAGATACAATCGACAAAGCAACACACGTGTTTGCACCAAGCAAACCGAAAGACTTAAAGACGTATCGCATGGTCTTCAATACGATTAGTGTTGAACGCATGAACTCAATACTATTTGATGATTCAACGATCGTTCGTAGCTCTCAAAGTGGTACGACAACATACAACAACAATACTGGCGTCGCCAACTACAACGATAAAGATGAAATGTATCATTATAAGAATTTATCTGAAGATGCGAAAAGTTCAAGCAACATGCAAGAAACCATCCCAGGCACATACGAGTTTATAAAT";NA;0;0;0;0;0;0;0;0;0;0;0;0;0;0;0;0;0;0;0;0;0;0;0;0;0;0;0;0;0;0;0;0;0;0;0;0;0;0;0;0;0;0;0;0;0;0;0;0;0;0;0;717;0;0
"47";"ACTTTAATTTTGATCGCCTCCTTATCGATCAAGATCATAATAACCACGTCGTACTATATGCGATTAGCAAAGACCGTCATGAAGTAATTAAACTAAAGACAACGATGAAAGGGAATAATGTTGATAAAGCTTTTAAAAGTATCGAACCTGACATGCAACCCTATACGGAAATCATCACGAATAAAGATACAATCGACAAAGCAACACACGTGTTTGCACCAAGCAAACCGAAAGACTTAAAGACGTATAGCATGGTCTTCAATACGATTAGTGTTGAACGCATGAACTCAATACTATTTGATGATTCAACGATCGTTCGTAGCTCTCAAAGTGGTACGACAACATACAACAACAATACTGGCGTCGCCAACTACAACGATAAAGATGAAATGTATCATTATAAGAATTTATCTGAAGATGCGAAAAGTTCAAGCAACATGCAAGAAACCATCCCAGGCACATACGAGTTTATAAAT";NA;0;0;0;0;703;0;0;0;0;0;0;0;0;0;0;0;0;0;0;0;0;0;0;0;0;0;0;0;0;0;0;0;0;0;0;0;0;0;0;0;0;0;0;0;0;0;0;0;0;0;0;0;0;0
"48";"ACTTTAATTTTGATCGCCTCCTCATCGATCAAGATCATAATAACCACGTCGTACTATATGCGATTAGCAAAGACCGTCATGAAGTAGTTAAACTTAAGACAACGATGAAAGGGAATAATGTTGATAAAGCTTTTAAAAGTATCGAACCTGACATGCAGCCCTATACGGAAATCATCACGAATAAAGATACAATCGACAAAGCAACACACGTGTTTGCACCAAGCAAACCGAAAGACTTAAAGACGTATCGCATGGTCTTCAATACGATTAGTGTTGAACGCATGAACTCAATACTATTTGATGATTCAACGATTGTTCGTAGCTCTCAAAGTGGTACGACAACATACAACAACAATACTGGTGTCGCCAACTATAACGATAAAGATGAAATGTATCATTATAAGAATTTATCTGAAGACGCGAAAAGTTCAAGCAACATGCAAGAAACCATCCCAGGCACATACGAGTTTATAAAT";"seq63";0;0;0;0;0;0;205;0;189;0;0;0;0;0;0;0;0;0;0;0;0;0;0;297;0;0;0;0;0;0;0;0;0;0;0;0;0;0;0;0;0;0;0;0;0;0;0;0;0;0;0;0;0;0
"49";"ACTTTAATTTTGATCGCCTCCTTATCGATCAAGATCATAATAACCACGTCGTACTATATGCGATTAGCAAAGACCGTCATGAAGTAGTTAAACTTAAGACAACGATGAAAGGGAATAACGTTGATAAAGCTTTTAAAAGTATCGAACCTGATATGCAGCCCTATACGGAAATCATCACGAATAAAGATACAATCGACAAAGCAACACACGTGTTTGCACCAAGCAAACCGAAAGACTTAAAGACGTATCGCATGGTCTTCAATACGATTAGTGTTGAACGCATGAACTCAATACTATTTGATGATTCAACGATTGTTCGTAGCTCTCAAAGTGGTACGACAACATACAACAACAATACTGGCGTCGCCAACTACAACGATAAAGATGAAATGTATCATTATAAGAATTTATCTGAAGATGCGAAAAGTTCAAGCAACATACAAGAAACCATCCCAGGCACATACGAGTTTATAAAT";"seq14";0;0;0;0;0;0;0;0;0;0;0;0;0;0;0;0;680;0;0;0;0;0;0;0;0;0;0;0;0;0;0;0;0;0;0;0;0;0;0;0;0;0;0;0;0;0;0;0;0;0;0;0;0;0
"50";"ACTTTAATTTTGATCGCCTCCTTATAGATCAAGATCATAATAACCACGTCGTACTATATGCGATTAGCAAAGACCGTCATGAAGTAGTTAAACTTAAGACAACGATGAAAGGGAATAATGTTGATAAAGCTTTTAAAAGTATCGAACCCGACATGCAGCCCTATACGGAAATCATCACGAATAAAGATACAATCGACAAAGCAACACACGTGTTTGCACCAAGCAAACCGAAAGACTTAAAGACGTATCGCATGGTCTTCAATACGATTAGTGTTGAACGCATGAACTCAATACTATTTGATGATTCAACAATTGTTCGTAGCTCTCAAAGTGGTACGACAACATACAACAACAATACTGGCGTTGCCAACTACAACGATAAAGATGAAATGTATCATTATAAGAATTTATCTGAAGACGCGAAAAGTTCAAGCAACATGCAAGAAACCATCCCAGGCACGTACGAGTTTATAAAT";"seq35";0;0;0;0;0;571;0;0;0;0;0;0;0;0;0;0;0;0;0;0;0;0;0;0;0;0;0;0;0;0;0;0;0;0;0;0;0;0;0;0;0;0;0;0;0;0;0;0;0;0;0;0;0;0
"51";"ACTTTAATTTTGATCGCCTCCTTATCGATCAAGATCATAATAACCACGTCGTACTATTTGCGATTAGCAAAGACCGTCATGAAGTAGTTAAACTTAAGACAACGATGAAAGGGAATAATGTTGATAAAGCTTTTAAAAGTATCGAACCTGACATGCAGCCCTATACGGAAATCATCACGAATAAAGATACAATCGACAAAGCAACACACGTGTTTGCACCAAGCAAACCGAAAGACTTAAAGACGTATCGCATGGTCTTCAATACGATAAGTGTTGAACACATGAACTCAATACTATTTGATGATTCAACGATTGTTCGTAGCTCTCAAAGTGGTACGACAACATACAACAACAATACTGGCGTCGCCAACTACAATGATAAAGATGAAATGTATCATTATAAGAATTTATCTGAAGACGCGAAAAGTTCAAGCAACATGCAAGAAACCATCCCAGGCACATACGAGTTTATAAAT";"seq42";0;0;0;0;0;0;0;0;0;0;0;0;0;0;0;0;0;539;0;0;0;0;0;0;0;0;0;0;0;0;0;0;0;0;0;0;0;0;0;0;0;0;0;0;0;0;0;0;0;0;0;0;0;0
"52";"ACTTTAATTTTGATCGCCTCCTTATCGATCAAGATCATAATAACCACGTCGTACTATATGCGATTAGCAAAGACCGTCATGAAGTAGTTAAACTTAAGACAACGATGAAAGGGAATAACGTTGATAAAGCTTTTAAAAGTATCGAACCTGACATGCAGCCCTATACGGAAATCATCACGAATAAAGATACAATCGACAAAGCAACACACGTGTTTGCACCAAGCAAACCGAAAGACTTAAAGACGTATCGCATGGTCTTCAATACGATTAGTGTTGAACGCATGAATTCAATACTATTTGATGATTCAACGATTGTTCGTAGCTCTCAAAGTGGTACGACAACATACAACAACAATACTGGCGTCGCCAACTACAATGATAAAGATGAAATGTATCATTATAAGAATTTATCTGAAGACGCGAAAAGTTCAAGCAACATGCAAGAAACCATCCCAGGCACATACGAGTTTATAAAT";NA;0;0;0;0;0;0;0;0;0;0;0;0;0;0;0;0;0;0;0;0;0;0;0;0;0;0;0;485;0;0;0;0;0;0;0;0;0;0;0;0;0;0;0;0;0;0;0;0;0;0;0;0;0;0
"53";"ACTTTAATTTTGATCGCCTCCTTATCGATCAAGATCATAATAACCACGTTGTACTATATGCGATTAGCAAAGACCGTCATGAAGTAGTTAAACTTAAGACAACCATGAAAGGGAATAATGTTGATAAAGCTTTTAAAAGTATCGAACCTGACATGCAACCCTATACGGAAATCATCACGAATAAAGATACAATCGACAAAGCAACACACGTGTTTGCACCAAGCAAACCGAAAGACTTAAAGACGTATCGCATGGTCTTCAATACGATTAGTGTTGAACGCATGAACTCAATACTGTTTGATGATTCAACGATTGTTCGTAGCTCTCAAAGCGGTACGACAACATACAACAACAATACTGGCGTCGCCAACTACAATGATAAAGATGAAATGTATCATTATAAGAATTTATCTGAAGACGCGAAAAGTTCAAGCAACATGCAAGAAACCATACCAGGCACATACGAGTTTATAAAT";NA;0;0;0;0;0;0;0;0;0;0;0;479;0;0;0;0;0;0;0;0;0;0;0;0;0;0;0;0;0;0;0;0;0;0;0;0;0;0;0;0;0;0;0;0;0;0;0;0;0;0;0;0;0;0
"54";"ACTTTAATTTTGATCGCCTCCTTATCGATCAAGATCATAATAACCACGTCGTACTATTTGCGATTAGCAAAGACCATCATGAAGTAGTTAAACTTAAGACAACGATGAAAGGGAATAATGTTGATAAAGCTTTTAAAAGTATCGAACCTGACATGCAGCCCTATACGGAAATCATCACGAATAAAGATACAATCGACAAAGCAACACACGTGTTTGCACCAAGCAAACCGAAAGACTTAAAGACGTATCGCATGGTCTTCAATACGATCAGTGTTGAACGCATGAACTCAATACTATTTGATGATTCAACGATTGTTCGTAGCTCTCAAAGTGGTACGACAACATACAACAACAATACTGGCGTCGCCAACTACAATGATAAAGATGAAATGTATCATTATAAGAATTTATCTGAAGACGCGAAAAGTTCAAGCAACATGCAAGAAACCATCCCAGGCACATACGAGTTTATAAAT";NA;0;0;0;0;0;0;0;0;0;0;0;0;0;0;0;0;0;0;0;0;0;0;0;0;189;0;0;178;0;0;0;0;0;0;0;0;0;0;0;0;0;0;0;0;0;0;0;0;0;0;0;0;0;0
"55";"ACTTTAATTTTGATCGCCTCCTTATCGATCAAGATCATAATAACCACGTCGTACTATATGCGATTAGCAAAGACCGTCATGAAGTAGTTAAACTTAAGACAACGATGAAAGGGAATAATGTTGACAAAGCTTTTAAAAGTATCGAACCTGACATGCAGCCCTATACGGAAATCATCACGAATAAAGATACAATCGACAAAGCAACACACGTGTTTGCACCAAGCAAACCGAAAGACTTAAAGACATATCGTATGGTCTTCAATACGATTAGTGTTGAACGCATGAACTCAATACTATTTGATGATTCAACTATTGTTCGTAGCTCTCAAAGTGGTACGACAACATACAACAACAATACTGGCGTCGCCAACTATAACGATAAAGATGAAATGTATCATTATAAGAATTTATCTGAAGACGCGAAAAGTTCAAGCAACATGCAAGAAACCATCCCAGGCACATACGAGTTTATAAAT";NA;0;0;0;0;0;0;0;0;0;0;0;0;0;0;0;0;0;0;0;0;0;0;0;0;0;0;0;0;0;0;0;0;0;0;0;0;0;0;0;0;0;0;0;0;0;0;0;0;0;0;345;0;0;0
"56";"ACTTTAATTTTGATCGCCTCCTTATCGATCAAGATCATAATAACCACGTCGTACTATATGCGATTAGCAAAGACCGTCATGAAGTAGTTAAACTTAAGACAACCATGAAAGGGAATAATGTTGATAAAGCTTTTAAAAGTATCGAACCTGACATGCAGCCTTATACGGAAATCATCACGAATAAAGATACAATCGACAAAGCAACACACGTGTTTGCACCAAGCAAACCGAAAGACTTAAAGACGTATCGCATGGTCTTCAATACGATTAGTGTTGAACGCATGAACTCAATACTATTTGATAATTCAACGATCGTTCGTAGCTCTCAAAGTGGTACGACAACATACAACAACAATACTGGCGTCGCCAACTACAACGATAAAGATGAAATGTATCATTATAAGAATTTATCTGAAGATGCGAAAAGTTCAAGCAACATGCAAGAAACCATCCCAGGCACATACGAGTTTATAAAT";NA;0;0;0;0;0;0;0;0;0;0;0;0;0;0;0;0;0;0;0;0;0;0;0;0;0;0;0;0;0;0;0;0;0;0;0;0;0;0;0;0;0;0;0;0;0;0;0;0;0;0;0;0;0;323
"57";"ACTTTAATTTTGATCGCCTCCTCATCGATCAAGATCATAATAACCACGTTGTACTATATGCGATTAGCAAAGACCGTCATGAAGTAGTTAAACTTAAGACAACGATGAAAGGGAATAATGTTGATAAAGCTTTTAAAAGTATCGAACCTGACATGCAACCCTATACAGAAATAATCACGAATAAAGATACAATCGACAAAGCAACACACGTGTTTGCACCAAGCAAACCGAAAGACTTAAAGACGTATCGCATGGTCTTCAATACGATTAGTGTTGAACGCATGAATTCAATACTATTTGATGATTCAACGATTGTTCGTAGCTCTCAAAGTGGTACGACAACATACAACAACAATACTGGTGTCGCCAACTATAACGATAAAGATGAAATGTATCATTATAAGAATTTATCTGAAGACGCGAAAAGTTCAAGCAACATGCAAGAAACCATCCCAGGCACATACGAGTTTATAAAT";"seq55";0;0;0;0;0;302;0;0;0;0;0;0;0;0;0;0;0;0;0;0;0;0;0;0;0;0;0;0;0;0;0;0;0;0;0;0;0;0;0;0;0;0;0;0;0;0;0;0;0;0;0;0;0;0
"58";"ACTTTAATTTTGATCGCCTTCTTATCGATCAAGATCATAATAACCACGTCGTACTATATGCGATTAGCAAAGACCGTCATGAAGTAGTTAAACTTAAGACAAGCATGAAAGGGAATAATGTTGATAAAGCTTTTAAAAGTATCGAACCTGACATGCAACCCTATACGGAAATCATCACGAATAAAGATACAATCGACAAAGCAACACACGTGTTTGCACCAAGCAAACCGAAAGACTTAAAGACGTATCGCATGGTCTTCAATACGATTAGTGTTGAACGCATGAACTCAATACTATTTGATGATTCAACGATTGTTCGTAGCTCTCAAAGTGGTACGACAACATACAACAACAATACTGGCGTCGCCAACTACAACGATAAAGATGAAATGTATCATTATAAGAATTTATCTGAAGATGCGAAAAGTTCAAGTAACATGCAAGAAACCATACCAGGCACATACGAGTTTATAAAT";"seq21";0;0;0;0;0;0;0;0;0;0;0;0;0;0;0;274;0;0;0;0;0;0;0;0;0;0;0;0;0;0;0;0;0;0;0;0;0;0;0;0;0;0;0;0;0;0;0;0;0;0;0;0;0;0
"59";"ACATTAATTTTGATCGTCTCCTTATCGATCAAGATCATAATAACCACGTCGTACTATTTGCGATTAGCAAAGACCGTCATGAAGTAGTTAAACTTAAGACAACGATGAAAGGGAATAATGTTGATAAAGCTTTTAAAAGTATCGAACCTGACATGCAGCCCTATACGGAAATCATCACGAATAAAGATACAATCGACAAAGCAACACACGTGTTTGCACCAAGCAAACCGAAAGACTTAAAGACGTATCGCATGGTCTTCAATACGATCAGTGTTGAACGCATGAACTCAATACTATTTGATGATTCAACGATTGTTCGTAGCTCTCAAAGTGGTACGACAACATACAACAACAATACTGGCGTCGCCAACTACAATGATAAAGATGAAATGTATCATTATAAGAATTTATCTGAAGACGCGAAAAGTTCAAGCAACATGCAAGAAACCATCCCAGGCACATACGAGTTTATAAAT";"seq36";0;0;0;0;0;0;0;0;0;0;0;0;0;0;0;0;0;0;0;0;0;0;0;267;0;0;0;0;0;0;0;0;0;0;0;0;0;0;0;0;0;0;0;0;0;0;0;0;0;0;0;0;0;0
"60";"ACTTTAATTTTGATCGCCTCCTTATCGATCAAGATCATAATAACCACGTCGTACTATATGCGATTAGCAAAGACCGTCATGAAGTAGTTAAACTTAAGACAACGATGAAAGGGAATAATGTTGATAAAGCTTTTAAAAGTATCGAACCTGACATGCAACCCTATACGGAAATCATCACGAATAAAGATACAATCGACAAAGCAACACACGTGTTTGCACCAAGCAAACCGAAAGACTTAAAGACGTATCGCATGGTCTTCAATACGATCAGTGTTGAACGCATGAACTCAATACTATTTGATGATTCAACGATTGTTCGTAGCTCTCAAAGTGGTACGACAACATACAACAACAATACTGGTGTCGCCAACTATAACGATAAAGATGAAATGTATCATTATAAGAATTTATCTGAAGACGCGAAAAGTTCAAGCAACATGCAAGAAACCATCCCAGGCACATACGAGTTTATAAAT";NA;0;0;0;0;0;0;0;0;0;0;0;0;102;117;0;0;0;0;0;0;0;0;0;0;0;0;0;0;0;0;0;0;0;0;0;0;0;0;0;0;0;0;0;0;0;0;13;0;0;31;0;0;0;0
"61";"ACTTTAATTTTGATCGTCTCCTTATCGATCAAGATCATAATAACCACGTCGTACTATTTGCGATTAGCAAAGACCGTCATGAAGTAGTTAAACTTAAGACAACGATGAAAGGGAATAATGTTGATAAAGCTTTTAAAAGTATAGAACCTGACATGCAGCCCTATACGGAAATCATCACGAATAAAGATACAATCGACAAAGCAACACACGTGTTTGCACCAAGCAAACCGAAAGACTTAAAGACGTATCGCATGGTCTTCAATACGATCAGTGTTGAACGCATGAACTCAATACTATTTGATGATTCAACGATTGTTCGTAGCTCTCAAAGTGGTACGACAACATACAACAACAATACTGGCGTCGCCAACTACAATGATAAAGATGAAATGTATCATTATAAGAATTTATCTGAAGATGCGAAAAGTTCAAGCAACATGCAAGAAACCATCCCAGGCACATACGAGTTTATAAAT";"seq36";0;0;0;0;0;0;0;0;0;0;0;257;0;0;0;0;0;0;0;0;0;0;0;0;0;0;0;0;0;0;0;0;0;0;0;0;0;0;0;0;0;0;0;0;0;0;0;0;0;0;0;0;0;0
"62";"ACTTTAATTTTGATCGCCTCCTTATCGATCAGGATCATAATAACCACGTCGTACTATTTGCGATTAGCAAAGACCGTCATGAAGTAGTTAAACTTAAGACAACGATGAAAGGGAATAATGTTGATAAAGCTTTTAAAAGTATCGAACCTGACATGCAGCCCTATACGGAAATCATCACGAATAAAGATACAATCGACAAAGCAACACACGTGTTTGCACCAAGCAAACCGAAAGACTTAAAGACGTATCGCATGGTCTTCAATACGATAAGTGTTGAACGCATGAACTCAATACTATTTGATGATTCAACGATTGTTCGTAGCTCTCAAAGTGGTACGACAACATACAACAACAATACTGGCGTCGCCAACTACAATGATAAAGATGAAATGTATCATTATAAGAATTTATCTGAAGACGCGAAAAGTTCAAGCAACATGCAAGAAACCATCCCAGGCACATACGAGTTTATAAAT";"seq42";0;0;0;0;0;0;0;0;0;0;0;0;0;0;0;0;0;250;0;0;0;0;0;0;0;0;0;0;0;0;0;0;0;0;0;0;0;0;0;0;0;0;0;0;0;0;0;0;0;0;0;0;0;0
"63";"ACTTTAATTTTGATCGTCTCCTTATCGATCAAGATCATAATAACCACGTCGTACTATTTGCGATTAGCAAAGACCGTCATGAAGTAGTTAAACTTAAGACAACGATGAAAGGGAATAATGTTGATAAAGCTTTTAAAAGTATCGAACCTGACATGCAGCCCTATACGGAAATCATCACGAATAAAGATACAATCGACAAAGCAACACACGTGTTTGCACCAAGCAAACCGAAAGACTTAAAGACGTATCGCATGGTCTTCAATACGATCAGTGTTGAACGCATGAACTCAATACTATTTGATGATTCAACGATTGTTCGTAGCTCTCAAAGTGGTACGACAACATACAACAACAATACTGGCGTCGCCAACTACAATGATAAAGATGAAATGTATCATTATAAGAATTTATCTGAAGATGCGAAAAGTTCAAGCAACATGCAAGAAACCATCCCAGACACATACGAGTTTATAAAT";"seq36";0;0;0;0;0;0;0;0;0;0;0;244;0;0;0;0;0;0;0;0;0;0;0;0;0;0;0;0;0;0;0;0;0;0;0;0;0;0;0;0;0;0;0;0;0;0;0;0;0;0;0;0;0;0
"64";"ACTTTAATTTTGATCGTCTCCTTATCGATCAAGATCATAATAACCACGTCGTACTATTTGCGATTAGCAAAGACCGTCATGAAGTAGTTAAACTTAAGACAACGATGAAAGGGAATAATGTTGATAAAGCTTTTAAAAGTATCGAACCTGACATGCAGCCCTATACGGAAATCATCACGAATAAAGATACAATCGACAAAGCAACACACGTGTTTGCACCAAGCAAACCGAAAGACTTAAAGACGTATCGCATGGTCTTCAATACGATCAGTGTTGAACGCATGAACTCAATACTATTTGATGATCCAACGATTGTTCGTAGCTCTCAAAGTGGTACGACAACATACAACAACAATACTGGCGTCGCCAACTACAATGATAAAGATGAAATGTATCATTATAAGAATTTATCTGAAGACGCGAAAAGTTCAAGCAACATGCAAGAAACCATCCCAGGCACATACGAGTTTATAAAT";"seq36";0;0;0;0;0;0;0;0;0;0;0;0;0;0;0;0;0;0;0;0;0;0;238;0;0;0;0;0;0;0;0;0;0;0;0;0;0;0;0;0;0;0;0;0;0;0;0;0;0;0;0;0;0;0
"65";"ACTTTAATTTTGATCGCCTCCTTATCGATCAAGATCATAATAACCACGTTGTACTATATGCGATTAGCAAAGACCGTCATGAAGTAGTTAAACTTAAGACAACGATGAAAGGAAATAACGTTGATAAAGCTTTTAAAAGTATCGAATCTGACATGCAACCCTATACGGAAATCATCACGAATAAAGATACAATCGACAAAGCAACACACGTGTTTGCACCAAGCAAACCGAAAGACTTAAAGACGTATCGCATGGTCTTCAATACGATTAGTGTTGAACGCATGAACTCAATACTATTTGATGATTCAACGATTGTTCGTAGCTCTCAAAGTGGTACGACAACATACAACAACAATACTGGCGTCGCCAACTACAATGATAAAGATGAAATGTATCATTATAAGAATTTATCTGAAGACGCGAAAAGTTCAAGCAACATGCAAGAAACCATCCCAGGCACATACGAGTTTATAAAT";NA;0;0;0;0;0;0;0;0;0;0;0;0;0;0;0;0;0;0;0;0;0;0;0;0;0;0;0;0;0;0;0;0;0;176;0;0;0;59;0;0;0;0;0;0;0;0;0;0;0;0;0;0;0;0
"66";"ACTTTAATTTTGATCGCCTCCTTATCGATCAAGATCATAATAACCACGTCGTACTATATGCGATTAACAAAGACCGTCATGAAGTAGTTAAACTTAAGACAACCATGAAAGGGAATAATGTTGATAAAGCTTTTAAAAGTATCGAACCTGACATGCAGCCTTATACGGAAATCATCACGAATAAAGATACAATCGACAAAGCAACACACGTGTTTGCACCAAGCAAACCGAAAGACTTAAAGACGTATCGCATGGTCTTCAATACGATTAGTGTTGAACGCATGAACTCAATACTATTTGATGATTCAACGATCGTTCGTAGCTCTCAAAGTGGTACGACAACATACAACAACAATACTGGCGTCGCCAACTACAACGATAAAGATGAAATGTATCATTATAAGAATTTATCTGAAGATGCGAAAAGTTCAAGCAACATGCAAGAAACCATCCCAGGCACATACGAGTTTATAAAT";NA;0;0;0;0;0;0;0;0;0;0;0;0;0;0;0;0;220;0;0;0;0;0;0;0;0;0;0;0;0;0;0;0;0;0;0;0;0;0;0;0;0;0;0;0;0;0;0;0;0;0;0;0;0;0
"67";"ACTTTAATTTTGATCGCCTCCTTATCGATCAAGATCATAATAACCACGTCGTACTATATGCGATTAGCAAAGACCGTCATGAAGTAGTTAAACTTAAGACAACCATGAACGGGAATAATGTTGATAAAGCTTTTAAAAGTATCGAACCTGACATGCAGCCTTATACGGAAATCATCACGAATAAAGATACAATCGACAAAGCAACACACGTGTTTGCACCAAGCAAACCGAAAGACTTAAAGACGTATCGCATGGTCTTCAATACGATTAGTGTTGAACGCATGAACTCAATACTATTTGATGATTCAACGATCGTTCGTAGCTCTCAAAGTGGTACGACAACATACAACAACAATACTGGCGTCGCCAACTACAACGATAAAGATGAAATGTATCATTATAAGAATTTATCTGAAGATGCGAAAAGTTCAAGCAACATGCAAGAAACCATCCCAGGCACATACGAGTTTATAAAT";NA;0;0;0;0;0;0;0;0;0;0;0;0;0;0;0;0;0;0;0;0;0;0;0;219;0;0;0;0;0;0;0;0;0;0;0;0;0;0;0;0;0;0;0;0;0;0;0;0;0;0;0;0;0;0
"68";"ACTTTAATTTTGATCGTCTCCTTATCGATCAAGATCATAATAACCACGTCGTACTATTTGCGATTAGCAAAGACCGTCATGAAGTAGTTAAACTTAAGACAACGATGAAAGGGAATAATGTTGATAAAGCTTTTAAAAGTATCGAACCTGACATGCAGCCCTATACGGAAATCATCACGAATAAAGATACAATCGACAAAGCAACACACGTGTTTGCACCAAGCAAACCGAAAGACTTAAAGACGTATCGCATGGTCTTCAATACGATCAGTGTTGAACGCATGAACTCAATACTATTTGATGATTCAACGATTGTTCGTAGCTCTCAAAGTGGTACGACAACATACAACAACAATACTGGCGTCGCCAACTACAATGATAAAGATGAAATGTATCATTATAAGAATTTATCTGAAGAAGCGAAAAGTTCAAGCAACATGCAAGAAACCATCCCAGGCACATACGAGTTTATAAAT";"seq36";0;0;0;0;0;0;0;0;0;0;0;0;0;0;0;0;0;207;0;0;0;0;0;0;0;0;0;0;0;0;0;0;0;0;0;0;0;0;0;0;0;0;0;0;0;0;0;0;0;0;0;0;0;0
"69";"ACTTTAATTTTGATCGCCTCCTTATCGATCAAGATCATAATAACCACGTCGTACTATTTGCGATTAGCAAAGACCGTCATGAAGTAGTTAAACTTAAGACAACGATGAAAGGGAATAATGTTGATAAAGCTTTTAAAAGTATCGAACCTGACATGCAGCCCTATACGGAAATCATCACGAATAAAGATACAATCGACAAAGCGACACACGTGTTTGCACCAAGCAAACCGAAAGACTTAAAGACGTATCGCATGGTCTTCAATACGATCAGTGTTGAACGCATGAACTCAATACTATTTGATGATTCAACGATTGTTCGTAGCTCTCAAAGTGGTACGACAACATACAACAACAATACTGGCGTCGCCAACTACAATGATAAAGATGAAATGTATCATTATAAGAATTTATCTGAAGACGCGAAAAGTTCAAGCAACATGAAAGAAACCATCCCAGGCACATACGAGTTTATAAAT";NA;0;0;0;0;0;0;0;0;0;0;0;0;0;0;0;0;0;0;0;0;0;0;0;0;0;0;0;0;0;0;0;0;0;0;0;206;0;0;0;0;0;0;0;0;0;0;0;0;0;0;0;0;0;0
"70";"ACTTTAATTTTGACCGCCTCCTTATCGATCAAGATCATAATAACCACGTCGTACTATATGCGATTAGCAAAGACCGTCATGAAGTAGTTAAACTTAAGACAACCATGAAAGGGAATAATGTTGATAAAGCTTTTAAAAGTATCGAACCTGACATGCAGCCCTATACGGAAATCATCACGAATAAAGATACAATCGACAAAGCAACACACGTGTTTGCACCAAGCAAACCGAAAGACTTAAAGACGTATCGCATGGTCTTCAATACGATTAGTGTTGAACGCATGAACTCAATACTATTTGATGATTCAACGATTGTTCGTAGCTCTCAAAGTGGTACGACAACATACAACAACAATACTGGCGTCGCCAACTACAACGATAAAGATGAAATGTATAATTATAAGAATTTATCTGAAGATGCGAAAAGTTCAAGCAACATGCAAGAAACCATCCCAGGCACATACGAGTTTATAAAT";NA;0;0;0;0;0;0;0;0;0;0;0;0;0;0;0;0;0;0;0;0;0;0;193;0;0;0;0;0;0;0;0;0;0;0;0;0;0;0;0;0;0;0;0;0;0;0;0;0;0;0;0;0;0;0
"71";"ACTTTAATTTTGATCGCCTCCTTATCGATCAAGATCATAATAACCACGTCGTACTATATGCGATTAGCAAAGACCGTCATGAAGTAGTTAAACTTAAGACAACGATGAAAGGGAATAACGTTGACAAAGCTTTTAAAAGTATCGAACCTGACATGCAACCCTATACGGAAATCATCACGAATAAAGATACAATCGACAAAGCAACACACGTGTTTGCACCAAGCAAACCGAATGACTTAAAGACGTATCGCATGGTCTTCAATACGATCAGTGTTGAACGCATGAACTCAATACTATTTGATGATTCAACGATTGTTCGTAGCTCTCAAAGTGGTACGACAACATACAACAACAATACTGGTGTCGCCAACTATAACGATAAAGATGAAATGTATCATTATAAGAATTTATCTGAAGACGCGAAAAGTTCAAGCAACATGCAAGAAACCATCCCAGGCACATACGAGTTTATAAAT";NA;0;0;0;0;0;0;0;0;0;0;0;0;0;0;0;0;0;0;0;0;0;0;0;0;0;0;0;0;0;0;0;0;0;0;0;0;0;0;0;0;0;0;188;0;0;0;0;0;0;0;0;0;0;0
"72";"ACTTTAATTTTGATCGCCTTCTTATCGATCAAGATCATAATAACCACGTCGTACTATATGCGATTAGCAAAGACCGTCATGAAGTAGTTAAACTTAAGACAACCATGAAAGGGAATAATGTTGATAAAGCTTTTAAAAGTATCGAACCTGACATGCAACCCTATACGGAAATCATCACGAATAAAGATACAATCGACAAAGCAACACACGTGTTTGCACCAAGCAAACCGAAAGACTTAAAGACGTATAGCATGGTCTTCAATACGATTAGTGTTGAACGCATGAACTCAATACTATTTGATGATTCAACGATTGTTCGTAGCTCTCAAAGTGGTACGACAACATACAACAACAATACTGGCGTCGCCAACTACAACGATAAAGATGAAATGTATCATTATAAGAATTTATCTGAAGATGCGAAAAGTTCAAGTAACATGCAAGAAACCATACCAGGCACATACGAGTTTATAAAT";"seq21";0;0;0;0;0;0;0;0;0;0;0;0;0;0;0;0;0;0;0;185;0;0;0;0;0;0;0;0;0;0;0;0;0;0;0;0;0;0;0;0;0;0;0;0;0;0;0;0;0;0;0;0;0;0
"73";"ACTTTAATTTTGATCGTCTCCTTATCGATCAAGATCATAATAACCACGTCGTACTATTTGCGATTAGCAAAGACCGTCATGAAGTAGTTAAACTTAAGACAACGATGAAAGGGAATAATGTTGATAAAGCTTTTAAAAGTATCGAACCTGACATGCAGCCCTATACGGAAATCATCACGAATAAAGATACAATCGACAAAGCAACACACGTGTTTGCACCAAGCAAACCGAAAGACTTAAAGACGTATCGCATGGTCTTCAATACGATCAGTGTTGAACGCATGAACTCAATACTATTTGATGATTCAACTATTGTTCGTAGCTCTCAAAGTGGTACGACAACATACAACAACAATACTGGCGTCGCCAACTACAATGATAAAGATGAAATGTATCATTATAAGAATTTATCTGAAGACGCGAAAAGTTCAAGCAACATGCAAGAAACCATCCCAGGCACATACGAGTTTATAAAT";"seq36";0;0;0;0;0;0;0;0;0;0;181;0;0;0;0;0;0;0;0;0;0;0;0;0;0;0;0;0;0;0;0;0;0;0;0;0;0;0;0;0;0;0;0;0;0;0;0;0;0;0;0;0;0;0
"74";"ACTTTAATTTTGATCGCCTCCTCATCGATCAAGATCATAATAACCACGTCGTACTATATGCGATTAGCAAAGACCGTCATGAAGTAGTTAAACTTAAGACAACGATGAAAGGGAATAATGTTGATAAAGCTTTTAAAAGTATCGAACCTGACATGCAACCCTATACGGAAATCATCACGAATAAAGATACAATCGACAAAGAAACACACGTGTTTGCACCAAGCAAACCGAAAGACTTAAAGACGTATCGCATGGTCTTCAATACGATTAGTGTTGAACGCATGAACTCAATACTATTTGATGATTCAACGATTGTTCGTAGCTCTCAAAGTGGTACGACAACATACAACAATAATACTGGCGTCGCCAACTACAACGATAAAGATGAAATGTATCATTATAAGAATTTATCTGAAGATGCGAAAAGTTCAAGCAACATGCAAGAAACCATCCCAGGCACATACGAGTTTATAAAT";NA;0;0;0;0;0;0;0;0;0;0;0;0;0;0;171;0;0;0;0;0;0;0;0;0;0;0;0;0;0;0;0;0;0;0;0;0;0;0;0;0;0;0;0;0;0;0;0;0;0;0;0;0;0;0
"75";"ACTTTAATTTTGATCGCCTCCTTATCGATCAAGATCATAATAACCACGTCGTACTATATGCGATTAGCAAAGACCGTCATGAAGTAGTTAAACTTAAGACAACGATGAAAGGGAATAACGTTGATAAAGCTTTTAAAAGTATCGAACCTGATATGCAGCCCTATACGGAAATCATCACGAATAAAGATACAATCGACAAAGCAACACACGTGTTTGCACCAAGCAAACCGAAAGACTTAAAGACGTATCGCATGGTCTTCAATACGATTAGTGTTGAACGCATGAACTCAATACTATTTGATGATTCAACGATTGTTCATAGCTCTCAAAGTGGTACGACAACATACAACAACAATACTGGCGTCGCCAACTACAACGATAAAGATGAAATGTATCATTATAAGAATTTATCTGAAGATGCGAAAAGTTCAAGCAACATGCAAGAAACCATCCCAGGCACATACGAGTTTATAAAT";"seq14";0;0;0;0;0;0;0;0;0;0;0;0;0;0;0;0;0;0;0;0;0;0;0;0;0;0;0;0;0;0;0;0;171;0;0;0;0;0;0;0;0;0;0;0;0;0;0;0;0;0;0;0;0;0
"76";"ACTTTAATTTTGATCGCCTCCTTATCGATCAAGATCATAATAACCACGTCGTACTATATGCGATTAGCAAAGACCGTCATGAAGTAGTTAAACTTAAGACAACGATGAAAGGGAATAATGTTGACAAAGCTTTTAAAAGTATCGAACCTGACATGCAGCCCTATACGGAAATCATCACGAATAAAGATACAATCGACAAAGCAACACACGTGTTTGCACCAAGCAAACCGAAAGACTTAAAGACGTATCGCATGGTCTTCAATACGATTAGTGTTGAACGCATGAACTCAATACTATTTGATGATTCAACGATTGTTCGTAGCTCTCAAAGTGGTACGACAACATACAACAACAATACTGGTGTCGCCAACTACAATGATAAAGATGAAATGTATCATTATAAGAATTTATCTGAAGACGCAAAAAGTTCAAGCAACATGCAAGAAACCATCCCAGGCACATACGAGTTTATAAAT";NA;0;0;0;0;0;0;0;0;0;0;0;0;0;0;0;0;0;0;0;0;0;0;0;0;0;164;0;0;0;0;0;0;0;0;0;0;0;0;0;0;0;0;0;0;0;0;0;0;0;0;0;0;0;0
"77";"ACTTTAATTTTGATCGTCTCCTTATCGATCAAGATCATAATAACCACGTCGTACTATTTGCGATTAGCAAAGACCGTCATGAAGTAGTTAAACTTAAGACAACGATGAAAGGGAATAATGTTGATAAAGCTTTTAAAAGTATCGAACCTGACATGCAGCCCTATACGGAAATCATCACGAATAAAGATACAATCGACAAAGCAACACACGTGTTTGCACCAAGCAAACCGAAAGACTTAAAGACGTATCGCATGGTCTTCAATACGATCAGTGTTGAACGCATGAACTCAATACTATTTGATGATTCAACGATTGTTCGTAGCACTCAAAGTGGTACGACAACATACAACAACAATACTGGCGTCGCCAACTACAATGATAAAGATGAAATGTATCATTATAAGAATTTATCTGAAGACGCGAAAAGTTCAAGCAACATGCAAGAAACCATCCCAGGCACATACGAGTTTATAAAT";"seq36";0;0;0;0;0;0;0;0;0;0;0;0;0;0;0;0;0;0;0;0;0;0;0;163;0;0;0;0;0;0;0;0;0;0;0;0;0;0;0;0;0;0;0;0;0;0;0;0;0;0;0;0;0;0
"78";"ACTTTAATTTTGATCGTCTCCTTATCGATCAAGATCATAATAACCACGTCGTACTATTTGCGATTAGCAAAGACCGTCATGAAGTAGTTAAACTTAAGACAACGATGAAAGGGAATAATGTTGATAAAGCTTTTAAAAGTATCGAACCTGACATGCAGCCCTATACGGAAATCATCACGAATAAAGATACAATCGACAAAGCAACACACGTGTTTGCACCAAGCAAACCGAAAGACTTAAAGACGTATCGCATGGTCTTCAATACGATCAGTGTTGAACGCATGAACTCAATACTATTTGATGATTCAACGATTGTTAGTAGCTCTCAAAGTGGTACGACAACATACAACAACAATACTGGCGTCGCCAACTACAATGATAAAGATGAAATGTATCATTATAAGAATTTATCTGAAGATGCGAAAAGTTCAAGCAACATGCAAGAAACCATCCCAGGCACATACGAGTTTATAAAT";"seq36";0;0;0;0;0;0;0;0;155;0;0;0;0;0;0;0;0;0;0;0;0;0;0;0;0;0;0;0;0;0;0;0;0;0;0;0;0;0;0;0;0;0;0;0;0;0;0;0;0;0;0;0;0;0
"79";"ACTTTAATTTTGATCGCCTCCTTATCGATCAAGATCATAATAACCACGTCGTACTATATGCGATTAGCAAAGACCGTCATGAAGTAGTTAAACTTAAGACAACCATGAAAGGGAATAATGTTGATAAAGCTTTTAAAAGTATCGAACCTGACATGCAGCCTTATACGTAAATCATCACGAATAAAGATACAATCGACAAAGCAACACACGTGTTTGCACCAAGCAAACCGAAAGACTTAAAGACGTATCGCATGGTCTTCAATACGATTAGTGTTGAACGCATGAACTCAATACTATTTGATGATTCAACGATCGTTCGTAGCTCTCAAAGTGGTACGACAACATACAACAACAATACTGGCGTCGCCAACTACAACGATAAAGATGAAATGTATCATTATAAGAATTTATCTGAAGATGCGAAAAGTTCAAGCAACATGCAAGAAACCATCCCAGGCACATACGAGTTTATAAAT";NA;0;0;0;0;0;0;0;0;0;0;0;0;0;0;0;0;0;0;0;0;0;0;0;0;0;0;0;0;0;0;0;0;0;0;0;0;154;0;0;0;0;0;0;0;0;0;0;0;0;0;0;0;0;0
"80";"ACTTTAATTTTGATCGCCTCCTCATCGATCAAGATCATAATAACCACGTCGTACTATATGCGATTAGCAAAGACCGTCATGAAGTAGTTAAACTTAAGACAACCATGAAAGGGAATAATGTTGACAAAGCTTTTAAAAGTATCGAACCTGACATGCAGCCCTATACGGAAATCATCACGAATAAAGATACAATCGACAAAGCAACACACGTGTTTGCACCAAGCAAACCGAAAGACTTAAAGACGTATCGCATGGTCTTCAATACGATTAGTGTTGAACGCATGAACTCAATACTATTTGATGATTCAACGATTGTTCGTAGCTCTCAAAGTGGTACGACAACATACAACAACAATACTGGTGTCGCCAACTACAATGATAAAGATGAAATGTATCATTATAAGAATTTATCTGAAGACGCAAAAAGTTCAAGCAACATGCAAGAAACCATCCCAGGCACATACGAGTTTATAAAT";NA;0;0;0;0;0;0;0;0;0;152;0;0;0;0;0;0;0;0;0;0;0;0;0;0;0;0;0;0;0;0;0;0;0;0;0;0;0;0;0;0;0;0;0;0;0;0;0;0;0;0;0;0;0;0
"81";"ACTTTAATTTTGATCGTCTCCTTATCGATCAAGATCATAATAACCACGTCGTACTATTTGCGATTAGCAAAGACCGTCATGAAGTAGTTAAACTTAAGACAACGATGAAAGGGAATAATGTTGATAAAGCTTTTAAAAGTATCGAACCTGACATGCAGCCCTATACGGAAATCATCACGAATAAAGATACAATCGACAAAGCAACACACGTGTTTGCACCAAGCAAACCGAAAGACTTAAAGACGTATCGCATGGTCTTCAATACGATCAGTGTTGAACGCATGAACTCAATACTATTTGATGATTCAACGATTGTTCGTAGCTTTCAAAGTGGTACGACAACATACAACAACAATACTGGCGTCGCCAACTACAATGATAAAGATGAAATGTATCATTATAAGAATTTATCTGAAGACGCTAAAAGTTCAAGCAACATGCAAGAAACCATCCCAGGCACATACGAGTTTATAAAT";"seq36";0;0;145;0;0;0;0;0;0;0;0;0;0;0;0;0;0;0;0;0;0;0;0;0;0;0;0;0;0;0;0;0;0;0;0;0;0;0;0;0;0;0;0;0;0;0;0;0;0;0;0;0;0;0
"82";"ACTTTAATTTTGATCGCCTCCTTATCGATCAAGATCATAATAACCACGTCGTACTATTTGCGATTAGCAAAGACCGTCATGAAGTAGTTAAACTTAAGACAACGATGAAAGGGAATAATGTTGATAAAGCTTTTAAAAGTATCGAACCTGACATGCAGCCCTATACGGAAATCATCACGAATAAAGATACAATCGACAAAGCAACACACGTGTTTGCACCAAGCAAACCGAAAGACTTAAAGACGTATCGCATGGTCTTCAATACGATCAGTGTTGAACGCATGAACTCAATACTATTTGATGATTCAACGATTGTTCGTAGCTCTCAAAGTGGTACGACAACATACAACAACAATACTGGCGTCGCCAACTACAATGATAAAGATGAAATGTATCATTATAAGAATTTATCTGAAGACGCGAAAAGTTCAAGCAACACGCAAGAAACCATCCCAGGCACATACGAGTTTATAAAT";NA;0;0;0;0;0;0;0;0;0;145;0;0;0;0;0;0;0;0;0;0;0;0;0;0;0;0;0;0;0;0;0;0;0;0;0;0;0;0;0;0;0;0;0;0;0;0;0;0;0;0;0;0;0;0
"83";"ACTTTAATTTTGATCGCCTTCTTATCGATCAAGATCATAATAACCACGTCGTACTATATGCGATTAGCAAAGACCGTCATGAAGTAGTTAAACTTAAGACAACCATGAAAGGGAATAATGTTGACAAAGCTTTTAAAAGTATCGAACCTGACATGCAGCCCTATACGGAAATCATCACGAATAAAGATACAATCGACAAAGCAACACACGTGTTTGCACCAAGCAAACCGAAAGACTTAAAGACGTATCGCATGGTCTTCAATACGATTAGTGTTGAACGCATGAACTCAATACTATTTGATGATTCAACGATTGTTCGTAGCTCTCAAAGTGGTACGACAACATACAACAACAATACTGGTGTCGCCAACTACAATGATAAAGATGAAATGTATCATTATAAGAATTTATCTGAAGACGCAAAAAGTTCAAGCAACATGTAAGAAACCATCCCAGGCACATACGAGTTTATAAAT";"seq50";0;0;0;0;0;0;0;0;0;0;0;0;0;0;0;0;0;0;0;0;0;0;0;0;0;0;0;132;0;0;0;0;0;0;0;0;0;0;0;0;0;0;0;0;0;0;0;0;0;0;0;0;0;0
"84";"ACTTTAATTTTGATCGCCTTCTTATCGATCAAGATCATAATAACCACGTCGTACTATATGCGATTAGCAAAGACCGTCATGAAGTAGTTAAACTTAAGACAACCATGAAAGGGAATAATGTTGACAAAGCTTTTAAAAGTATCGAACCTGACATGCAGCCCTATACGGAAATCATCACGAATAAAGATACAATCGATAAAGCAACACACGTGTTTGCACCAAGCAAACCGAAAGACTTAAAGACGTATCGCATGGTCTTCAATACGATTAGTGTTGAACGCATGAACTCAATACTATTTGATGATTCAACGATTGTTCGTAGCTCTCAAAGTGGTACGACAACATACAACAACAATACTGGTGTCGCCAACTACAATGATAAAGATGAAATGTATCATTATAAGAATTTATCTGAAGACGCAAAAAGTTCAAGCAACATGCAAGAAACCATCCCAGGCACATACGAGTTTATAAAT";"seq50";0;0;0;0;0;0;0;0;0;0;0;0;0;0;0;0;0;0;0;0;28;97;0;0;0;0;0;0;0;0;0;0;0;0;0;0;0;0;0;0;0;0;0;0;0;0;0;0;0;0;0;0;0;0
"85";"ACTTTAATTTTGATCGCCTCCTCATCGATCAAGATCATAATAACCACGTCGTACTATATGCGATTAGCAAAGACCGTCATGAAGTAGTTAAACTTAAGACAACGATGAAAGGGAATAACGTTGACAAAGCCTTTAAAAGTATCGAACCTGACATGCAACCCTATACGGAAATCATCACGAATAAAGATACAATCGACAAAGCAACACACGTGTTTGCCCCAAGCAAACCGAAAGACTTAAAGACGTATCGCATGGTCTTCAATACGATTAGTGTTGAACGCATGAATTCAATACTATTTGATGATTCAACGATTGTTCGTAGCTCTCAAAGTGGTACGACAACATACAACAACAATACCGGTGTCGCCAACTACAACGATAAAGATGAAATGTATCATTATAAGAATTTATCTGAAGACGCGAAAAGTTCAAGCAACATGCAAGAAACCATCCCAGGCACATACGAGTTTATAAAT";"seq56";0;0;0;0;0;0;0;0;0;0;0;0;0;0;0;0;0;0;0;0;0;0;0;0;0;0;0;125;0;0;0;0;0;0;0;0;0;0;0;0;0;0;0;0;0;0;0;0;0;0;0;0;0;0
"86";"ACTTTAATTTTGATCGCCTCCTTATCGATCAAGATCATAATAACCACGTCGTACTATATGCGATTAGCAAAGACCGTCATGAAGTAGTTAAACTTAAGACAACCATGAAAGGGAATAATGTTGATAAAGCTTTTAAAAGTATCGAACCTGACATGTAGCCTTATACGGAAATCATCACGAATAAAGATACAATCGACAAAGCAACACACGTGTTTGCACCAAGCAAACCGAAAGACTTAAAGACGTATCGCATGGTCTTCAATACGATTAGTGTTGAACGCATGAACTCAATACTATTTGATGATTCAACGATCGTTCGTAGCTCTCAAAGTGGTACGACAACATACAACAACAATACTGGCGTCGCCAACTACAACGATAAAGATGAAATGTATCATTATAAGAATTTATCTGAAGATGCGAAAAGTTCAAGCAACATGCAAGAAACCATCCCAGGCACATACGAGTTTATAAAT";NA;0;0;0;0;0;0;0;0;0;122;0;0;0;0;0;0;0;0;0;0;0;0;0;0;0;0;0;0;0;0;0;0;0;0;0;0;0;0;0;0;0;0;0;0;0;0;0;0;0;0;0;0;0;0
"87";"ACTTTAATTTTGATCGCCTCCTTATCGATCAAGATCATAATAACCACGTCGTACTATATGCGATTAGCAAAGACCGTCATGAAGTAGTTAAACTTAAGACAACCATGAAAGGGAATAATGTTGATAAAGCTTTTAAAAGTATCGAACCTGACATGCAGCCTTATACGGAAATCATCACGAATAAAGATACAATCGACAAAGCAACACACGTGTTTGCACCAAGCAAACCGAAAGACTTAAAGACGTATCGCATGGTCTTCAATACGATTAGTGTTGAACGCATGAACTCAATACTATTTGATGATTCAACGATCGTTCGTAGCTCTCAAAGTGGTACGACAACATACAACAACAATACTGGCGTCGCCAACTACAACGATAAAGATGAAATGTATCATTATAAGAATTTATCTGAAGATACGAAAAGTTCAAGCAACATGCAAGAAACCATCCCAGGCACATACGAGTTTATAAAT";NA;0;0;0;0;0;0;0;0;0;0;122;0;0;0;0;0;0;0;0;0;0;0;0;0;0;0;0;0;0;0;0;0;0;0;0;0;0;0;0;0;0;0;0;0;0;0;0;0;0;0;0;0;0;0
"88";"ACTTTAATTTTGATCGCCTCCTTATCGATCAAGATCATAATAATCACGTCGTACTATATGCGATTAGCAAAGACCGTCATGAAGTAGTTAAACTTAAGACAACGATGAAAGGGAATAATGTTGACAAAGCATTTAAAAGTATCGAACCTGACATGCAGCCATATACTGAAATCATCACGAATAAAGATACAATCGACAAAGCAACACACGTGTTTGCACCAAGCAAACCGAAAGACTTAAAGACGTATCGCATGGTCTTCAATACGATCAGTGTTGAACGCATGAACTCAATACTATTTGATGATTCAACGATTGTTCGTAGCTCTCAAAGTGGTACGACAACATACAACAACAACACTGGTGTCGCCAACTACAACGATAAAGATGAAATGTATCATTATAAGAATTTATCTGAAGACGCGAAAAGTTCAAGCAACATGCAAGAAACCATCCCAGGCACATACGAGTTTATAAAT";NA;0;0;0;0;0;0;0;0;0;0;0;0;0;0;0;0;0;0;0;0;0;0;0;0;0;0;0;0;0;0;0;0;0;0;0;0;0;0;0;0;0;0;0;0;0;0;0;0;0;121;0;0;0;0
"89";"ACTTTAATTTTGATCGCCTTCTTATCGATCAAGATCATAATAACCACGTCGTACTATATGCGATTAGCAAAGACCGTCATGAAGTAGTTAAACTTAAGACAACCATGAAAGGGAATAATGTTGATAAAGCTTTTAAAAGTATCGAACCTGACATGCAACCCTATACGGAAATCATCACGAATAAAGATACAATCGACAAAGCAACACACGTGTTTGCACCAAGCAAACCGAAAGACTTAAAGACGTATCGCATGGTCTTCAATACGATTAGTGTTGAACGCATGAACTCAATACTATTTGATGATTCAACGATTGTTCGTAGCTCTCAAAGTGGTACGACAACATACAACAACAATACTGGCGTCGCCAACTACAACGATAAAGATGAAATGTATCATTATAAGAATTTATCTGAAGATGCTAAAAGTTCAAGTAACATGCAAGAAACCATACCAGGCACATACGAGTTTATAAAT";"seq21";0;0;0;0;0;0;0;0;119;0;0;0;0;0;0;0;0;0;0;0;0;0;0;0;0;0;0;0;0;0;0;0;0;0;0;0;0;0;0;0;0;0;0;0;0;0;0;0;0;0;0;0;0;0
"90";"ACTTTAATTTTGATCGTCTCCTTATCGATCAAGATCATAATAACCACGTCGTACTATTTGCGATTAGCAAAGACCGTCATGAAGTAGTTAAACTTAAGACAACGATGAAAGGGAATAATGTTGATAAAGCTTTTAAAAGTATCGAACCTGACATGCAGCCCTATACGGAAATCATCACGAATAAAGATACAATCGACAAAGCAACACACGTGTTTGCACCAAGCAAACCGAAAGACTTAAAGACGTATCGCATGGTCTTCAATACGATCAGTGTTGAACGCATGAACTCAATACTATTTGATTATTCAACGATTGTTCGTAGCTCTCAAAGTGGTACGACAACATACAACAACAATACTGGCGTCGCCAACTACAATGATAAAGATGAAATGTATCATTATAAGAATTTATCTGAAGACGCGAAAAGTTCAAGCAACATGCAAGAAACCATCCCAGGCACATACGAGTTTATAAAT";"seq36";0;0;0;0;0;0;0;0;0;0;0;0;0;0;0;0;0;0;0;0;0;0;0;0;0;0;0;0;0;0;0;0;119;0;0;0;0;0;0;0;0;0;0;0;0;0;0;0;0;0;0;0;0;0
"91";"ACTTTAATTTTGATCGTCTCCTTATCGATCAAGATCATAATAACCACGTCGTACTATTTGCGATTAGCAAAGACCGTCATGAAGTAGTTAAACTTAAGACAACGATGAAAGGGAATAATGTTGATAAAGCTTTTAAAAGTATCGAACCTGACATGCAGCCCTATACGGAAATCATCACGAATAAAGATACAATCGACAAAGCAACACACGTGTTTGCACCAAGCAAACCGAAAGACTTAAAGACGTATCGCATGGTCTTCAATACGATCAGTGTTGAACGCATGAACTCAATACTATTTGATGATTAAACGATTGTTCGTAGCTCTCAAAGTGGTACGACAACATACAACAACAATACTGGCGTCGCCAACTACAATGATAAAGATGAAATGTATCATTATAAGAATTTATCTGAAGACGCGAAAAGTTCAAGCAACATGCAAGAAACCATCCCAGGCACATACGAGTTTATAAAT";"seq36";0;0;0;0;0;0;0;0;0;0;0;0;0;0;0;0;0;0;0;0;0;0;0;0;115;0;0;0;0;0;0;0;0;0;0;0;0;0;0;0;0;0;0;0;0;0;0;0;0;0;0;0;0;0
"92";"ACTTTAATTTTTATCGCCTTCTTATCGATCAAGATCATAATAACCACGTCGTACTATATGCGATTAGCAAAGACCGTCATGAAGTAGTTAAACTTAAGACAACCATGAAAGGGAATAATGTTGACAAAGCTTTTAAAAGTATCGAACCTGACATGCAGCCCTATACGGAAATCATCACGAATAAAGATACAATCGACAAAGCAACACACGTGTTTGCACCAAGCAAACCGAAAGACTTAAAGACGTATCGCATGGTCTTCAATACGATTAGTGTTGAACGCATGAACTCAATACTATTTGATGATTCAACGATTGTTCGTAGCTCTCAAAGTGGTACGACAACATACAACAACAATACTGGTGTCGCCAACTACAATGATAAAGATGAAATGTATCATTATAAGAATTTATCTGAAGACGCAAAAAGTTCAAGCAACATGCAAGAAACCATCCCAGGCACATACGAGTTTATAAAT";"seq50";0;0;0;0;0;0;0;0;0;0;0;0;0;0;106;0;0;0;0;0;0;0;0;0;0;0;0;0;0;0;0;0;0;0;0;0;0;0;0;0;0;0;0;0;0;0;0;0;0;0;0;0;0;0
"93";"ACTTTAATTTTGATCGCCTCCTTATCGATCAAGATCATAATAACCACGTCGTACTATATGCGATTAGCAAAGACCGTCATGAAGTAGTTAAACTTAAGACAACCATGAAAGGGAATAATGTTGATAAAGCTTTTAAAAGTATCGAACCTGACATGCAGCCTTATACGGAAATCATCACGAATAAAGATACAATCGACAAAGCAACACACGTGTTTGCACCAAGCAAACCGAAAGACTTAAAGACGTATCGCATGGTCTTCAATACGATTAGTGTTGAACGCATGAACTCAATACTATTTGATGATTCAACGATCGTTCGTAGCTCTCAAAGTGGTACGACAACATACAACAACAATACTGGCGTCGCCAACTACAACGATAAAGATGAAATGTATCATTATAAGAATTTATCTGAAGATGCGAAAAGTTCAAGCAACATGCAAGAAACCATCCCAGGCATATACGAGTTTATAAAT";NA;0;0;0;0;0;0;0;0;0;0;0;0;0;0;0;0;103;0;0;0;0;0;0;0;0;0;0;0;0;0;0;0;0;0;0;0;0;0;0;0;0;0;0;0;0;0;0;0;0;0;0;0;0;0
"94";"ACTTTAATTTTAATCGCCTCCTTATCGATCAAGATCATAATAACCACGTTGTACTATATGCGATTAGCAAAGACCGTCATGAAGTAGTTAAACTTAAGACAACGATGAAAGGGAATAACGTTGATAAAGCTTTTAAAAGTATCGAACCTGACATGCAACCCTATACGGAAATCATCACGAATAAAGATACAATCGACAAAGCAACACACGTGTTTGCACCAAGCAAACCGAAAGACTTAAAGACGTATCGCATGGTCTTCAATACGATTAGTGTTGAACGCATGAACTCAATACTATTTGATGATTCAACGATTGTTCGTAGCTCTCAAAGTGGTACGACAACATACAACAACAATACTGGCGTCGCCAACTACAACGATAAAGATGAAATGTATCATTATAAGAATTTATCTGAAGATGCGAAAAGTTCAAGCAACATGCAAGAAACCATCCCAGGCACATACGAGTTTATAAAT";NA;0;0;57;8;0;0;0;2;2;4;5;0;0;0;0;0;0;0;9;0;2;10;0;0;0;0;0;0;0;0;0;0;0;0;0;0;0;0;0;0;0;0;0;0;0;0;0;0;0;0;0;0;0;0
"95";"ACTTTAATTTTGATCGCCTCCTCATCGATCAAGATCATAATAACCACGTCGTACTATATGCGATTAGCAAAGACCGTCATGAAGTAGTTAAACTTAAGACAACGATGAAAGGGAATAATGTTGACAAAGCTTTTAAAAGTATCGAACCTGACATGCAGCCCTATACGGAAATCATCACGAATAAAGATACAATCGACAAAGCAACACACGTGTTTGCACCAAGCAAACCGAAAGACTTAAAGACGTATCGCATGGTCTTCAATACGATTAGTGTTGAACGCATGAACTCAATACTATTTGATGATTCAACGATTGTTCGTAGCTCTCAAAGTGGTACGACAACATACAACAACAATACTGGTGTCGCCAACTATAACGATAAAGATGAAATGTATCATTATAAGAATTTATCTGAAGACGCGAAAAGTTCAAGCAACATGCAAGAAACCATCCCAGGCACATACGAGTTTATAAAT";NA;0;0;0;0;0;0;9;0;7;0;0;0;0;0;0;0;0;0;0;0;0;0;0;4;0;37;0;0;25;0;0;0;12;0;0;0;0;0;0;0;0;0;0;0;0;0;0;0;0;0;0;0;0;0
"96";"ACTTTAATTTTGATCGCCTCCTCATCGATCAAGATCATAATAACCACGTCGTACTATATGCGATTAGCAAAGACCGTCATGAAGTAGTTAAACTTAAGACAACGATGAAAGGGAATAATGTTGACAAAGCTTTTAAAAGTATCGAACCTGACATGCAGCCCTATACGGAAATCATCACGAATAAAGATACAATCGACAAAGCAACACACGTGTTTGCACCAAGCAAACCGAAAGACTTAAAGACGTATCGCATGGTCTTCAATACGATTAGTGTTGAACGCATGAATTCAATACTATTTGATGATTCAACGATTGTTCGTAGCTCTCAAAGTGGTACGACAACATACAACAACAATACTGGTGTCGCCAACTATAACGATAAAGATGAAATGTATCATTATAAGAATTTATCTGAAGACGCGAAAAGTTCAAGCAACATACAAGAAACCATCCCAGGCACATACGAGTTTATAAAT";"seq65";0;0;0;0;0;0;0;0;94;0;0;0;0;0;0;0;0;0;0;0;0;0;0;0;0;0;0;0;0;0;0;0;0;0;0;0;0;0;0;0;0;0;0;0;0;0;0;0;0;0;0;0;0;0
"97";"ACTTTAATTTTGATCGCCTCCTTATCGATCAAGATCATAATAACCACGTCGTACTATTTGCGATTAGCAAAGACCGTCATGAAGTAGTTAAACTTAAGACAACGATGAAAGGGAATAATGTTGATAAAGCTTTTAAAAGTATCGAACCTGACATGCAGCCCTATACGGAAATCATCACGAATAAAGATACAATCGACAAAGCAACACACGTGTTTGCACCAAGCAAACCGAAAGACTTAAAGACGTATCGCATGGTCTTCAATACGATCGGTGTTGAACGCATGAACTCAATACTATTTGATGATTCAACGATTGTTCGTAGCTCTCAAAGTGGTACGACAACATACAACAACAATACTGGCGTCGCCAACTACAATGATAAAGATGAAATGTATCATTATAAGAATTTATCTGAAGACGCGAAAAGTTCAAGCAACATGCAAGAAACCATCCCAGGCACATACGAGTTTATAAAT";NA;0;0;0;0;0;0;0;0;0;0;0;0;0;0;0;0;93;0;0;0;0;0;0;0;0;0;0;0;0;0;0;0;0;0;0;0;0;0;0;0;0;0;0;0;0;0;0;0;0;0;0;0;0;0
"98";"ACTTTAATTTTGATCGCCTCCTTATCGATCAAGATCATAATAACCACGTCGTACTATTTGCGATTAGCAAAGACCGTCATGAAGTAGTTAAACTTAAGACAACGATGAAAGGGAATAATGTTGATAAAGCTTTTAAAAGTATCGAACCTGACATGCAGCCCTATACGGAAATCATCACGAATAAAGATACAATCGACAAAGCAACACACGTGTTTGCACCAAGCAAACCGAAAGACTTAAAGACGTATCGCATGGTCTTCAATACGATCAGTGTTGAACGCATGAACTCAATACTATTTGATGATTCAACGATTGTTCGTAGCTCTCAAAGTGGTACGACAACATACAACAACAATACTGGCGTTGCCAACTACAATGATAAAGATGAAATGTATCATTATAAGAATTTATCTGAAGACGCGAAAAGTTCAAGCAACATGCAAGAAACCATCCCAGGCACATACGAGTTTATAAAT";NA;0;0;0;0;0;0;0;0;0;0;0;0;0;0;0;0;0;0;0;0;0;0;0;0;0;0;0;0;0;0;0;0;93;0;0;0;0;0;0;0;0;0;0;0;0;0;0;0;0;0;0;0;0;0
"99";"ACTTTAATTTTGATCGCCTCCTTATCGATCAAGATCATAATAACCACGTCGTACTATTTGCGATTAGCAAAGACCGTCATGAAGTAGTTAAACTTAAGACAACGATGAAAGGGAATAATGTTGATAAAGCTTTTAAAAGTATCGAACCTGACATGCAGCCCTATACGGAAATCATCACGAATAAAGATACAATCGACAAAGCAACACACGTGTTTGCACCAAGCAAACCGAAAGACTTAAAGACGTATCGCATGGTCTTCAATACGATCAGTGTTGAACGCATGAACTCAATACTATTTGATGATTCAACGATTGTTCGTAGCTCTCAAAGTGGTACGACAACATACAACAACAATACTGGCGTCACCAACTACAATGATAAAGATGAAATGTATCATTATAAGAATTTATCTGAAGACGCGAAAAGTTCAAGCAACATGCAAGAAACCATCCCAGGCACATACGAGTTTATAAAT";NA;0;0;0;0;0;0;0;0;0;0;0;0;0;0;0;0;0;0;0;0;0;0;0;0;0;0;0;0;0;0;0;0;92;0;0;0;0;0;0;0;0;0;0;0;0;0;0;0;0;0;0;0;0;0
"100";"ACTTTAATTTTGATCGCCTCCTCATCGATCAAGATCATAATAACCACGTCGTACTATATGCGATTAGCAAAGACCGTCATGAAGTAGTTAAACTTAAGACAACGATGAAAGGGAATAACGTTGATAAAGCTTTTAAAAGTATCGAACCTGACATGCAGCCCTATACGGAAATCATCACGAATAAAGATACAATCGACAAAGCAACACACGTGTTTGCACCAAGCAAACCGAAAGACTTAAAGACGTATCGCATGGTCTTCAATACGATCAGTGTTGAACGCATGAACTCAATACTATTTGATGATTCAACGATTGTTCGTAGCTCTCAAAGTGGTACGACAACATACAACAACAATACTGGTGTCGCCAACTACAATGATAAAGATGAAATGTATCATTATAAGAATTTATCTGAAGACGCGAAAAGTTCAAGCAACATGCAAGAAACCATCCCAGGAACATACGAGTTTATAAAT";NA;0;0;0;0;0;0;0;0;0;0;0;0;0;0;0;0;0;0;0;0;0;0;0;0;0;0;0;0;0;0;0;0;0;0;0;0;0;0;0;0;0;0;0;0;0;0;0;0;0;92;0;0;0;0
"101";"ACTTTAATTTTGATCGCCTCCTTATCGATCAAGATCATAATAACCACGTCGTACTATATGCGATTAGCAAAGACCGTCATGAAGTAGTTAAACTTAAGACAACGATGAAAGGGAATAACGTTGATAAAGCTTTTAAAAGTATCGAACCTGATATGCAGCCCTATACGGAAATCATCACGAATAAAGATACAATCGACAAAGCAACACACGTGTTTGCACCAAGCAAACCGAAAGACTTAAAGACGTATCGCATGGTCTTCAATACGATTAGTGTTGAACGCATGAACTCAATACTATTTGATGATTCAACGATTGTTCGTAGCTCTCAAAGTGGTACGACAACATACAACAACAATACTGGCGTCGCCAACTACAACTATAAAGATGAAATGTATCATTATAAGAATTTATCTGAAGATGCGAAAAGTTCAAGCAACATGCAAGAAACCATCCCAGGCACATACGAGTTTATAAAT";NA;0;0;0;90;0;0;0;0;0;0;0;0;0;0;0;0;0;0;0;0;0;0;0;0;0;0;0;0;0;0;0;0;0;0;0;0;0;0;0;0;0;0;0;0;0;0;0;0;0;0;0;0;0;0
"102";"ACTTTAATTTTGATCGTCTCCTTATCGATCAAGATCATAATAACCACGTCGTACTATTTGCGATTAGCAAAGACCGTCATGAAGTAGTTAAACTTAAGACAACGATGAAAGGGAATAATGTTGATAAAGCTTTTAAAAGTATCGAACCTGACATGCAGCCCTATACGGAAATCATCACGAATAAAGATACAATCGACAAAGCAACACACGTGTTTGCACCAAGCAAACCGAAAGACTTAAAGACGTATCGCATGGTCTTCAATATGATCAGTGTTGAACGCATGAACTCAATACTATTTGATGATTCAACGATTGTTCGTAGCTCTCAAAGTGGTACGACAACATACAACAACAATACTGGCGTCGCCAACTACAATGATAAAGATGAAATGTATCATTATAAGAATTTATCTGAAGATGCGAAAAGTTCAAGCAACATGCAAGAAACCATCCCAGGCACATACGAGTTTATAAAT";"seq36";0;0;0;0;0;0;0;0;86;0;0;0;0;0;0;0;0;0;0;0;0;0;0;0;0;0;0;0;0;0;0;0;0;0;0;0;0;0;0;0;0;0;0;0;0;0;0;0;0;0;0;0;0;0
"103";"ACTTTAATTTTGATCGCCTCCTCATCGATCAAGATCATAATAACCACGTCGTACTATATGCGATTAGCAAAGACCGTCATGAAGTAGTTAAACTTAAGACAATGATGAAAGGGAATAATGTTGACAAAGCTTTTAAAAGTATCGAACCTGACATGCAGCCCTATACGGAAATCATCACGAATAAAGATACAATCGACAAAGCAACACACGTGTTTGCACCAAGCAAACCGAAAGACTTAAAGACGTATCGCATGGTCTTCAATACGATTAGTGTTGAACGCATGAATTCAATACTATTTGATGATTCAACGATTGTTCGTAGCTCTCAAAGTGGTACGACAACATACAACAACAATACTGGTGTCGCCAACTATAACGATAAAGATGAAATGTATCATTATAAGAATTTATCTGAAGACGCGAAAAGTTCAAGCAACATGCAAGAAACCATCCCAGGCACATACGAGTTTATAAAT";"seq65";0;0;0;0;0;0;0;0;0;0;84;0;0;0;0;0;0;0;0;0;0;0;0;0;0;0;0;0;0;0;0;0;0;0;0;0;0;0;0;0;0;0;0;0;0;0;0;0;0;0;0;0;0;0
"104";"ACTTTAATTTTGATCGTCTCCTTATCGATCAAGATCATAATAACCACGTCGTACTATTTGCGATTAGCAAAGACCGTCATGAAGTAGTTAAACTTAAGACAACGATGAAAGGGAATAATGTTGATAAAGCTTTTAAAAGTATCGAACCTGACATGCAGCCCTATACGGAAATCATCACGAATAAAGATACAATCGACAAAGCAACACACGTGTTTGCACCAAGCAAACCGAAAGACTTAAAGACGTATCGCATGGTCTTCAATACGATCAGTGTTGAACGCATGAACTCAATACTATTTGATGATTCAACGATTGTTCGTAGCTCTCAAAGTGGTACGACAACATACAACAACAATACTGGCGTCACCAACTACAATGATAAAGATGAAATGTATCATTATAAGAATTTATCTGAAGATGCGAAAAGTTCAAGCAACATGCAAGAAACCATCCCAGGCACATACGAGTTTATAAAT";"seq36";0;0;0;0;0;0;0;0;0;0;83;0;0;0;0;0;0;0;0;0;0;0;0;0;0;0;0;0;0;0;0;0;0;0;0;0;0;0;0;0;0;0;0;0;0;0;0;0;0;0;0;0;0;0
"105";"ACTTTAATTTTGATCGCCTCCTTATCGATCAAGATCATAATAACCACGTCGTACTATTTGCGATTAGCAAAGACCGTCATGAAGTAGTTAAACTTAAGACAATGATGAAAGGGAATAATGTTGATAAAGCTTTTAAAAGTATCGAACCTGACATGCAGCCCTATACGGAAATCATCACGAATAAAGATACAATCGACAAAGCAACACACGTGTTTGCACCAAGCAAACCGAAAGACTTAAAGACGTATCGCATGGTCTTCAATACGATCAGTGTTGAACGCATGAACTCAATACTATTTGATGATTCAACGATTGTTCGTAGCTCTCAAAGTGGTACGACAACATACAACAACAATACTGGCGTCGCCAACTACAATGATAAAGATGAAATGTATCATTATAAGAATTTATCTGAAGACGCGAAAAGTTCAAGCAACATGCAAGAAACCATCCCAGGCACATACGAGTTTATAAAT";NA;0;0;0;0;0;0;0;0;0;0;0;0;0;0;0;0;0;0;0;0;0;0;0;0;0;78;0;0;0;0;0;0;0;0;0;0;0;0;0;0;0;0;0;0;0;0;0;0;0;0;0;0;0;0
"106";"ACTTTAATTTTGATCGCCTCCTTATCGATCAAGATCATAATAACCACGTCGTACTATATGCGATTAGCAAAGACCGTCATGAAGTAGTTAAACTTAAGACAACCATGAAAGGGAATAATGTTGATAAAGCTTTTAAAAGTATCGAACCTGACATACAGCCTTATACGGAAATCATCACGAATAAAGATACAATCGACAAAGCAACACACGTGTTTGCACCAAGCAAACCGAAAGACTTAAAGACGTATCGCATGGTCTTCAATACGATTAGTGTTGAACGCATGAACTCAATACTATTTGATGATTCAACGATCGTTCGTAGCTCTCAAAGTGGTACGACAACATACAACAACAATACTGGCGTCGCCAACTACAACGATAAAGATGAAATGTATCATTATAAGAATTTATCTGAAGATGCGAAAAGTTCAAGCAACATGCAAGAAACCATCCCAGGCACATACGAGTTTATAAAT";NA;0;0;0;0;0;0;0;0;0;0;0;0;0;0;0;0;0;0;0;73;0;0;0;0;0;0;0;0;0;0;0;0;0;0;0;0;0;0;0;0;0;0;0;0;0;0;0;0;0;0;0;0;0;0
"107";"ACTTTAATTTTGATCGCCTCCTTATCGATCAAGATCATAATAACAACGTCGTACTATATGCGATTAGCAAAGACCGTCATGAAGTAGTTAAACTTAAGACAACGATGAAAGGGAATAATGTTGACAAAGCTTTTAAAAGTATCGAACCTGACATGCAGCCCTATACGGAAATCATCACGAATAAAGATACAATCGACAAAGCAACACACGTGTTTGCACCAAGCAAACCGAAAGACTTAAAGACATATCGTATGGTCTTCAATACGATTAGTGTTGAACGCATGAACTCAATACTATTTGATGATTCAACGATTGTTCGTAGCTCTCAAAGTGGTACGACAACATACAACAACAATACTGGCGTCGCCAACTATAACGATAAAGATGAAATGTATCATTATAAGAATTTATCTGAAGACGCGAAAAGTTCAAGCAACATGCAAGAAACCATCCCAGGCACATACGAGTTTATAAAT";NA;0;0;0;0;0;0;0;0;0;0;0;0;0;0;0;0;0;0;0;0;0;0;0;0;0;0;0;0;0;0;0;0;0;0;0;0;0;0;0;0;0;0;0;0;0;0;0;0;67;0;0;0;0;0
"108";"ACTTTAATTTTGATCGCCTCCTTATCGATCAAGATCATAATAACCACGTCGTACTATATGCGATTAGCAAAGACCGTCATGAAGTAGTTAAACTTAAGACAACCATGAAAGGGAATAATGTTGATAAAGCTTTTAAAAGTATCGAACCTGACATGCAGCCTTATACGGAAATCATCACGAATAATGATACAATCGACAAAGCAACACACGTGTTTGCACCAAGCAAACCGAAAGACTTAAAGACGTATCGCATGGTCTTCAATACGATTAGTGTTGAACGCATGAACTCAATACTATTTGATGATTCAACGATCGTTCGTAGCTCTCAAAGTGGTACGACAACATACAACAACAATACTGGCGTCGCCAACTACAACGATAAAGATGAAATGTATCATTATAAGAATTTATCTGAAGATGCGAAAAGTTCAAGCAACATGCAAGAAACCATCCCAGGCACATACGAGTTTATAAAT";NA;0;0;0;0;0;0;0;0;0;0;0;0;0;0;0;0;0;0;0;0;0;0;0;0;0;0;0;0;0;0;0;0;62;0;0;0;0;0;0;0;0;0;0;0;0;0;0;0;0;0;0;0;0;0
"109";"ACTTTAATTTTGATCGCCTCCTTATCGATCAAGATCATAATAACCACGTCGTACTATATGCGATTAGCAAAGACCGTCATGAAGTAGTTAAACTTAAGACAACCATGAAAGGGAATAATGTTGATAAAGCTTTTAAAAGTATCGAACCTGACATGCAGCCTTATACGGAAATCATCACGAATAAAGATACAATCGACAAAGCAACACACGTGTTTGCACCAAGCAAACCGAAAGACTTAAAGACGTATCGCATGGTCTTCAATACGATTAGTGTTGAACGCATGAACTCAATACTATTTGATGATTCAACGGTCGTTCGTAGCTCTCAAAGTGGTACGACAACATACAACAACAATACTGGCGTCGCCAACTACAACGATAAAGATGAAATGTATCATTATAAGAATTTATCTGAAGATGCGAAAAGTTCAAGCAACATGCAAGAAACCATCCCAGGCACATACGAGTTTATAAAT";NA;0;0;0;0;0;0;0;0;0;0;0;0;0;0;0;0;0;0;0;0;0;0;0;0;0;0;0;0;0;0;0;0;0;0;0;0;0;0;60;0;0;0;0;0;0;0;0;0;0;0;0;0;0;0
"110";"ACTTTAATTTTGATCGTCTCCTTATCGATCAAGATCATAATAACCACGTCGTACTATTTGCGATTAGCAAAGACCGTCATGAAGTAGTTAAACTTAAGACAACGATGAAAGGGAATAATGTTGATAAAGCTTTTAAAAGTATCGAACCTGACATGCAGCCCTATACGGAAATCATCACGAATAAAGATACAATCGACAAAGCAACACACGTGTTTGCACCAAGCAAACCGAAAGACTTAAAGACGTATCGCATGGTCTTCAATACGATCAGTGTTGAACGCATGAACTCAATACTATTTGATGATTCAACGATTGTTCGTAGCTCTCAAAGTGGTACGACAACATACAACAACAATACTGGCGTCGCCAAATACAATGATAAAGATGAAATGTATCATTATAAGAATTTATCTGAAGACGCGAAAAGTTCAAGCAACATGCAAGAAACCATCCCAGGCACATACGAGTTTATAAAT";"seq36";0;0;0;0;0;0;59;0;0;0;0;0;0;0;0;0;0;0;0;0;0;0;0;0;0;0;0;0;0;0;0;0;0;0;0;0;0;0;0;0;0;0;0;0;0;0;0;0;0;0;0;0;0;0
"111";"ACTTTAATTTTGATCGCCTCCTTATCGATCAAGATCATAATAACCACGTCGTACTATTTGCGATTAGCAAAGACCGTCATGAAGTAGTTAAACTTAAGACAACGATGAAAGGGAATAATGTTGATAAAGCTTTTAAAAGTATCGAACCTGACATGCAGCCCTATACGGAAATCATCACGAATAAAGATACAATCGACAAAGCAACACACGTGTTTGCACCAAGCAAACCGAAAGACTTAAAGACGTATCGCATGGTCTTCAATACGATCAGTGTTGAACGCATGAACTCAATACTATTTGATGATTCAACGATTGTTCGTAGCTCTCAAAGTGGTACGACAACATACAACAACAATACTGGCGTCGCCAACTACAATGATAAAGATTAAATGTATCATTATAAGAATTTATCTGAAGACGCGAAAAGTTCAAGCAACATGCAAGAAACCATCCCAGGCACATACGAGTTTATAAAT";NA;0;0;0;0;0;0;0;0;0;56;0;0;0;0;0;0;0;0;0;0;0;0;0;0;0;0;0;0;0;0;0;0;0;0;0;0;0;0;0;0;0;0;0;0;0;0;0;0;0;0;0;0;0;0
"112";"ACTTTAATTTTGATCGCCTCCTTATCGATCAAGATCATAATAACCACGTCGTATTATATGCGATTAGCAAAGACCGTCATGAAGTAGTTAAACTTAAGACAACGATGAAAGGGAATAACGTTGATAAAGCTTTTAAAAGTATCGAACCTGACATGAAGCCCTATACGGAAATCATCACGAATAAAGATACAATCGACAAAGCAACACACGTGTTTGCACCAAGAAAACCGAAAGACTTAAAGACGTATCGCATGGTCTTCAATACGATTAGTGTTGAACGCATGAATTCAATACTATTTGATGATTCAACGATTGTTCGTAGCTCTCAAAGTGGTACGACAACATACAACAACAATACTGGTGTCGCCAACTACAATGATAAAGATGAAATGTATCATTATAAGAATTTATCTGAAGACGCGAAAAGTTCAAGCAACATGCAAGAAACCATCCCAGGCACATACGAGTTTATAAAT";"seq57";0;0;0;0;0;0;0;0;0;0;0;0;0;0;0;0;0;0;0;0;55;0;0;0;0;0;0;0;0;0;0;0;0;0;0;0;0;0;0;0;0;0;0;0;0;0;0;0;0;0;0;0;0;0
"113";"ACTTTAATTTTGATCGCCTTCTTATCGATCAAGATCATAATAACCACGTCGTACTATATGCGATTAGCAAAGACCGTCATGAAGTAGTTAAACTTAAGACAACCATGAAAGGGAATAATGTTGATAAAGCTTTTAAATGTATCGAACCTGACATGCAACCCTATACGGAAATCATCACGAATAAAGATACAATCGACAAAGCAACACACGTGTTTGCACCAAGCAAACCGAAAGACTTAAAGACGTATCGCATGGTCTTCAATACGATTAGTGTTGAACGCATGAACTCAATACTATTTGATGATTCAACGATTGTTCGTAGCTCTCAAAGTGGTACGACAACATACAACAACAATACTGGCGTCGCCAACTACAACGATAAAGATGAAATGTATCATTATAAGAATTTATCTGAAGATGCGAAAAGTTCAAGTAACATGCAAGAAACCATACCAGGCACATACGAGTTTATAAAT";"seq21";0;0;0;0;0;0;0;0;0;0;53;0;0;0;0;0;0;0;0;0;0;0;0;0;0;0;0;0;0;0;0;0;0;0;0;0;0;0;0;0;0;0;0;0;0;0;0;0;0;0;0;0;0;0
"114";"ACTTTAATTTTGATCGCCTCCTTATCGATCAAGATCATAATAACCACGTCGTACTATATGCGATTAGCAAAGACCGTCATGAAGTAGTTAAACTTAAGACAACGATGAAAGGGAATAATGTTGACAAAGCTTTTAAAAGTATCGAACCTGACATGCAGCCCTATACGGAAATCATCACGAATAAAGATACAATCTACAAAGCAACACACGTGTTTGCACCAAGCAAACCGAAAGACTTAAAGACATATCGTATGGTCTTCAATACGATTAGTGTTGAACGCATGAACTCAATACTATTTGATGATTCAACGATTGTTCGTAGCTCTCAAAGTGGTACGACAACATACAACAACAATACTGGCGTCGCCAACTATAACGATAAAGATGAAATGTATCATTATAAGAATTTATCTGAAGACGCGAAAAGTTCAAGCAACATGCAAGAAACCATCCCAGGCACATACGAGTTTATAAAT";NA;0;0;0;0;0;0;0;0;0;0;0;0;0;0;0;0;0;0;0;0;0;0;0;0;0;0;0;0;0;0;0;0;0;0;0;0;0;0;0;0;0;0;0;0;0;0;0;0;0;0;53;0;0;0
"115";"ACTTTAATTTTGATCGCCTCCTCATCGATCAAGATCATAATAACCACGTCGTACTACATGCGATTAGCAAAGACCGTCATGAAGTAGTTAAACTTAAGACAACGATGAAAGGGAATAATGTTGACAAAGCTTTTAAAAGTATCGAACCTGACATGCAGCCCTATACGGAAATCATCACGAATAAAGATACAATCGACAAAGCAACACACGTGTTTGCACCAAGCAAACCGAAAGACTTAAAGACGTATCGCATGGTCTTCAATACGATTAGTGTTGAACGCATGAACTCAATACTATTTGATGATTCAACGATTGTTCGTAGCTCTCAAAGTGGTACGACAACATACAACAACAATACTGGTGTCGCCAACTACAATGATAAAGATGAAATGTATCATTATAAGAATTTATCTGAAGACGCAAAAAGTTCAAGCAACATGCAAGAAACCATCCCAGGCACATACGAGTTTATAAAT";NA;0;0;0;0;0;0;0;52;0;0;0;0;0;0;0;0;0;0;0;0;0;0;0;0;0;0;0;0;0;0;0;0;0;0;0;0;0;0;0;0;0;0;0;0;0;0;0;0;0;0;0;0;0;0
"116";"ACTTTAATTTTGATCACCTCCTTATCGATCAAGATCATAATAACCACGTCGTACTATATGCGATTAGCAAAGACCGTCATGAAGTAGTTAAACTTAAGACAACGATGAAAGGAAATAACGTTGATAAAGCTTTTAAAAGTATCGAACCTGACATGCAACCCTATACGGAAATCATCACGAATAAAGATACAATCGACAAAGCAACACACGTGTTTGCACCAAGCAAACCGAAAGACTTAAAGACGTATCGCATGGTCTTCAATACGATTAGTGTTGAACGCATGAACTCAATACTATTTGATGATTCAACGATTGTTCGTAGCTCTCAAAGTGGTACGACAACATACAACAACAATACTGGCGTCGCCAACTACAACGATAAAGATGAAATGTATCATTATAAGAATTTATCTGAAGATGCGAAAAGTTCAAGTAACATGCAAGAAACCATCCCAGGCACATACGAGTTTATAAAT";NA;0;0;0;0;0;0;0;0;0;0;0;0;0;0;0;0;0;0;0;0;0;0;0;0;0;0;0;0;0;0;0;0;0;0;0;0;0;0;0;0;0;0;0;0;0;0;0;0;0;52;0;0;0;0
"117";"ACTTTAATTTTGATCGCCTCCTTATCGATCAAGATCATAATAACCACGTCGTACTATATGCGATTAGCAAAGACCGTCATGAAGTAGTTAAACTTAAGACAACGATGAAAGGGAATAACGTTGATAAAGCTTTTAAAAGCATCGAACCTGATATGCAGCCCTATACGGAAATCATCACGAATAAAGATACAATCGACAAAGCAACACACGTGTTTGCACCAAGCAAACCGAAAGACTTAAAGACGTATCGCATGGTCTTCAATACGATTAGTGTTGAACGCATGAACTCAATACTATTTGATGATTCAACGATTGTTCGTAGCTCTCAAAGTGGTACGACAACATACAACAACAATACTGGCGTCGCCAACTACAACGATAAAGATGAAATGTATCATTATAAGAATTTATCTGAAGATGCGAAAAGTTCAAGCAACATGCAAGAAACCATCCCAGGCACATACGAGTTTATAAAT";"seq14";0;0;0;0;0;0;0;0;0;0;0;0;0;0;0;0;0;0;0;0;0;0;0;0;0;0;0;0;0;0;0;0;0;0;0;0;51;0;0;0;0;0;0;0;0;0;0;0;0;0;0;0;0;0
"118";"ACTTTAATTTTGATCGCCTTCTTATCGATCAAGATCATAATAACCACGTCGTACTATATGCGATTAGCAAAGACCGTCATGAAGTAGTTAAACTTAAGACAACCATGAAAGGGAATAATGTTGACAAAGCTTTTAAAAGTATCGAACCTGACATGCAGCCCTATACGGAAATCATCACGAATAAAGATACAATCGACAAAGCAACACACGTGTTTGCACCAAGCAAACCGAAAGACTTAAAGACGTATCGCATGGTCTTCAATACGATTAGTGTTGAACGCATGAACTCAATACTATTTGATGATTCAACGATTGTTCGTAGCTCTCAAAGTGGTACGACAACATACAACAACAATACTGGTGTCGCCAACTACAATGATAAAGATGAAATGTATCATTATAAGAATTTATCTAAAGACGCAAAAAGTTCAAGCAACATGCAAGAAACCATCCCAGGCACATACGAGTTTATAAAT";"seq50";0;0;0;0;0;0;0;0;0;0;0;0;0;0;0;0;0;0;0;0;0;0;0;0;0;0;0;0;50;0;0;0;0;0;0;0;0;0;0;0;0;0;0;0;0;0;0;0;0;0;0;0;0;0
"119";"ACTTTAATTTTGATCGCCTCCTTATCGATCAAGATCATAATAACCACGTCGTACTATATGCGATTAGCAAAGACCGTCATGAAGTAGTTAAACTTAAGACAACGATGAAAGGGAATAACGTTGACAAAGCTTTTAAAAGTATCGAACCTGACATGCAACCCTATACGGAAATCATCACGAATAAAGATACAATCGACAAAGCAACACACGTGTTTGCACCAAGCAAACCGAAAGACTTAAAGACGTATCGCATGGTCTTCAATACGATCAGTGTTGAACGCATGAACTCAATACTATTTGATGATTCAACGATTGTTCGTAGCTCTCAAAGTGGTACGACAACATACAACAACAATACTGGCGTCGCCAACTACAACGATAAAGATGAAATGTATCATTATAAGAATTTATCTGAAGACGCGAAAAGTTCAAGCAACATGCAAGAAACCATCCCAGGCACATACGAGTTTATAAAT";"seq60";0;0;0;0;0;0;0;0;0;0;0;0;0;0;0;0;0;0;0;0;0;0;0;0;0;0;0;0;0;0;0;0;0;0;0;0;0;0;0;0;0;0;0;50;0;0;0;0;0;0;0;0;0;0
"120";"ACTTTAATTTTGATCATCTCCTTATCGATCAAGATCATAATAACCACGTCGTACTATTTGCGATTAGCAAAGACCGTCATGAAGTAGTTAAACTTAAGACAACGATGAAAGGGAATAATGTTGATAAAGCTTTTAAAAGTATCGAACCTGACATGCAGCCCTATACGGAAATCATCACAAATAAAGATACAATCGACAAAGCAACACACGTGTTTGCACCAAGCAAACCGAAAGACTTAAAGACGTATCGCATGGTCTTCAATACGATCAGTGTTGAACGCATGAACTCAATACTATTTGATGATTCAACGATTGTTCGTAGCTCTCAAAGTGGTACGACAACATACAACAACAATACTGGCGTCGCCAACTACAATGATAAAGATGAAATGTATCATTATAAGAATTTATCTGAAGACGCGAAAAGTTCAAGCAACATGCAAGAAACCATCCCAGGCACATACGAGTTTATAAAT";"seq36";0;0;0;0;0;0;0;0;0;0;0;0;0;0;0;0;0;0;0;0;0;0;0;0;49;0;0;0;0;0;0;0;0;0;0;0;0;0;0;0;0;0;0;0;0;0;0;0;0;0;0;0;0;0
"121";"ACTTTAATTTTGATCGCCTCCTTATCGATCAAGATCATAATAACCACGTCGTACTATTTGCGATTAGCAAAGACCGTCATGGAGTAGTTAAACTTAAGACAACGATGAAAGGGAATAATGTTGATAAAGCTTTTAAAAGTATCGAACCTGACATGCAGCCCTATACGGAAATCATCACGAATAAAGATACAATCGACAAAGCAACACACGTGTTTGCACCAAGCAAACCGAAAGACTTAAAGACGTATCGCATGGTCTTCAATACGATCAGTGTTGAACGCATGAACTCAATACTATTTGATGATTCAACGATTGTTCGTAGCTCTCAAAGTGGTACGACAACATACAACAACAATACTGGCGTCGCCAACTACAATGATAAAGATGAAATGTATCATTATAAGAATTTATCTGAAGACGCGAAAAGTTCAAGCAACATGCAAGAAACCATCCCAGGCACATACGAGTTTATAAAT";NA;0;0;0;0;40;0;0;0;0;0;0;0;0;0;0;0;0;0;0;0;0;0;0;0;0;0;0;0;0;0;0;0;0;0;0;0;0;0;0;0;0;0;0;0;0;0;0;0;0;0;0;0;0;0
"122";"ACTTTAATTTTGATCGCCTCCTTATCGATCAAGATCATAATAACCACGTCGTACTATATGCGATTAGCAAAGACCGTCATGAAGTAGTTAAACTTAAGACAACCATGAAAGGGAATAATGTTGATAAAGCTTTTAAAAGTATCGAACCTGACATGCAGCCTTATACGGAAATCATCACGAATAACGATACAATCGACAAAGCAACACACGTGTTTGCACCAAGCAAACCGAAAGACTTAAAGACGTATCGCATGGTCTTCAATACGATTAGTGTTGAACGCATGAACTCAATACTATTTGATGATTCAACGATCGTTCGTAGCTCTCAAAGTGGTACGACAACATACAACAACAATACTGGCGTCGCCAACTACAACGATAAAGATGAAATGTATCATTATAAGAATTTATCTGAAGATGCGAAAAGTTCAAGCAACATGCAAGAAACCATCCCAGGCACATACGAGTTTATAAAT";NA;0;0;0;0;38;0;0;0;0;0;0;0;0;0;0;0;0;0;0;0;0;0;0;0;0;0;0;0;0;0;0;0;0;0;0;0;0;0;0;0;0;0;0;0;0;0;0;0;0;0;0;0;0;0
"123";"ACTTTAATTTTGATCGCCTCCTTATCGATCAAGATCATAATAACCACGTCGTACTATTTGCGATTAGCAAAGACCGTCATGAAGTAGTTAAACTTAAGACAACGATGAAAGGGAATAATGTTGATAAAGCTTTTAAAAGTATCGAACCTGACATGCAGCCCTATACGGAAATCATCACGAATAAAGATACAATCGACAAAGCAACACACGTGTTTGCACCAAGCAAACCGAAAGACTTAAAGACGTATCGCATGGTCTTCAATACGATCAGTGTTGAACGCATGAACTCAATACTATTTGATGATTCAACGATTGATCGTAGCTCTCAAAGTGGTACGACAACATACAACAACAATACTGGCGTCGCCAACTACAATGATAAAGATGAAATGTATCATTATAAGAATTTATCTGAAGACGCGAAAAGTTCAAGCAACATGCAAGAAACCATCCCAGGCACATACGAGTTTATAAAT";NA;0;0;0;0;0;0;0;0;0;0;0;0;0;0;0;0;0;0;0;0;0;0;0;0;0;0;0;0;0;0;0;0;0;0;0;0;0;0;0;0;0;0;0;0;0;0;0;0;37;0;0;0;0;0
"124";"ACTTTAATTTTGATCGCCTCCTCATCGATCAAGATCATAATAACCACGTTGTACTATATGCGATTAGCAAAGACCGTCATGAAGTAGTTAAACTTAAGACAACGATGAAAGGGAATAATGTTGATAAAGCTTTTAAAAGTATCGAACCTGACATGCAACCCTATACAGAAATCATCACGAATAAAGATACAATCGACAAAGCAACACACGTGTTTGCACCAAGCAAACCGAAAGACTTAAAGACGTATCGCATGGTCTTCAATACGATTAGTGTTGAACGCATGAATTCAATACTATTTGATGATTCAACGATTGTTCGTAGCTCTCAAAGTGGTACGAAAACATACAACAACAATACTGGTGTCGCCAACTATAACGATAAAGATGAAATGTATCATTATAAGAATTTATCTGAAGACGCGAAAAGTTCAAGCAACATGCAAGAAACCATCCCAGGCACATACGAGTTTATAAAT";"seq55";0;0;0;0;0;0;0;0;0;0;0;0;0;0;0;0;0;0;0;0;0;0;0;0;0;0;0;0;0;0;0;0;0;0;0;0;0;0;36;0;0;0;0;0;0;0;0;0;0;0;0;0;0;0
"125";"ACTTTAATTTTGATCGCCTCCTTATCGATCAAGATCATAATAACCACGTCGTACTATTTGCGATTAGCAAAGACCGTCATGAAGTAGTTAAACTTAAGACAACGATGAAAGGGAATAATGTTGATAAAGCTTTTAAAAGTATCGAACCAGACATGCAGCCCTATACGGAAATCATCACGAATAAAGATACAATCGACAAAGCAACACACGTGTTTGCACCAAGCAAACCGAAAGACTTAAAGACGTATCGCATGGTCTTCAATACGATCAGTGTTGAACGCATGAACTCAATACTATTTGATGATTCAACGATTGTTCGTAGCTCTCAAAGTGGTACGACAACATACAACAACAATACTGGCGTCGCCAACTACAATGATAAAGATGAAATGTATCATTATAAGAATTTATCTGAAGACGCGAAAAGTTCAAGCAACATGCAAGAAACCATCCCAGGCACATACGAGTTTATAAAT";NA;0;0;0;0;0;0;0;0;0;0;0;0;0;0;0;0;0;0;0;0;0;0;0;0;0;0;0;0;0;0;0;0;0;0;0;0;0;0;0;0;0;0;0;0;0;0;0;0;36;0;0;0;0;0
"126";"GCCACATGTGGCCGGTGGCTGTTGCATAGGACAGCGTGGACAAGGAATAACTCCGTTGGTGCAGAGAGGCCACTGGACACTCAGGCAGAGACAAGAGGGTTCGCCGGGACAGATCAACAGATGAACAAATTCAGAACAAAATGCTTAGTGAGGGAGAAGTGAACTTTCATTTTGCCCAAGTCACCATTATCATGGGTGCTGCTGGCAGGATCAGACCTGGTCATGTGGAGTCTGAAGTGCTCCCAGCCACCAACTGTGGCTGTTGCTTAGAGATACCCCTCTTCCCTGCAGCCCTGCAGGACTTCCCGGGGCTTCCTGGCCTCCACCTTTGCTTCTGGTGCTAGAGGCGGGGCAGGTGGC";NA;0;0;0;0;0;0;0;0;0;34;0;0;0;0;0;0;0;0;0;0;0;0;0;0;0;0;0;0;0;0;0;0;0;0;0;0;0;0;0;0;0;0;0;0;0;0;0;0;0;0;0;0;0;0
"127";"CGAGGCCCAACCGCTCCTTGCAGTACGCATCGGACTCGAACGCCGCCAGCGTGCACAGGACAACCGAGGCGAAGGCCTCGTGGATCTCGTAGTAGTCGAAGTCCTGCAACGTCAGGCCATTGCGCTCGAGTAGACGCGGAATCGCGTAGGTGGGGGCCATGAGCAGGCCGTCGGGCCCGTTGACGTAATCGACCGCGGCGGTCTCGACATCCACGAGGTGTGCGAGCACCGGCAGCTTCTTCTCTGCAGCCCACTCGTCGGTGCTCAGCAACACAGCGGAAGCGCCGTCGGTCAGCGGAGTCGAGTTGCCCGC";"seq1";0;0;0;0;0;0;0;0;0;0;0;0;0;0;0;0;0;0;0;0;0;0;0;0;0;0;0;0;0;0;0;0;0;0;0;0;0;0;0;0;0;0;0;0;0;0;0;0;0;23;0;0;0;0
"128";"GCCACATGTGGCCGGTGGCTGCTGCATAGGACAGCGTGGACAAGGAATAACTCCGTTGGTGCAGAGAGGCCACTGGACACTCAGGCAGAGACAAGAGGGTTCGCCGGGACAGATCAACAGATGAACAAATTCAGAACAAAATGCTTAGTGAGGGAGAAGTGAACTTTCATTTTGCCCAAGTCACCATTATCATGGGTGCTGCTGGCAGGATCAGACCTGGTCATGTGGAGTCTGAAGTGCTCCCAGCCACCAACTGTGGCTGTTGCTTAGAGATACCCCTCTTCCCTGCAGCCCTGCAGGACTTCCCGGGGCTTCCTGGCCTCCACCTTTGCTTCTGGTGCTAGAGGCGGGGCAGGTGGC";NA;0;0;0;0;0;0;0;0;0;0;0;0;0;0;0;0;0;0;0;0;0;0;0;0;0;0;0;0;0;0;0;0;0;0;0;0;0;0;0;0;0;0;0;0;0;0;0;0;0;0;0;0;0;16
"129";"ACTTTAATTTTGATCGTCTCCTTATCGATCAAGATCATAATAACCACGTCGTACTATTTGCGATTAGCAAAGACCGTCATGAAGTAGTTAAACTTAAGACAACGATGAAAGGGAATAATGTTGATAAAGCTTTTAAAAGTATCGAACCTGACATGCAGCCCTATACGGAAATCATCACGAATAAAGATACAATCGACAAAGCAACACACGTGTTTGCACCAAGCAAACCGAAAGACTTAAAGACGTATCGCATGGTCTTCAATACGATCAGTGTTGAACGCATGAACTCAATACTATTTGATGATTCAACGATTGTTCGTAGCTCTCAAAGTGGTACGACAACATACAACAACAATAATGGCGTCGCAAACTACAATGATAAAGATGAAATGTATCATTATAAGAAGGGAGCGGAAGACGAGAAAAGTGCAAGCAACATGAAAGAAACCATCCCAGGCACAGACGAGTTTAGAAAG";"seq36";0;0;0;0;0;0;0;0;0;0;0;0;0;0;0;0;0;0;0;0;0;0;0;0;0;15;0;0;0;0;0;0;0;0;0;0;0;0;0;0;0;0;0;0;0;0;0;0;0;0;0;0;0;0
"130";"AATTTAAGGCCCAAAACCAAATAGCTGCTGGGTTTGAGTCAGCACTCTTCTGTGGTCAACTATTAATAAGAATGTGAACTAGATTAACTACATCTATTATAATCAACAAAGATTCATCAATTATACTCAGGACACCCTCAAAGGGATGGCTAGCCAGTTAGATGCCACCAGCCCAATGGCCTGGAAAAACAGGCTTGCACTAGACGTAATACCAGAAAAAGGGGGTGTAAGTGTTATGCTGGGTGGGAAACGTTATACTTTCATTCCCAACAATACTGCCCCAGATGGGACCATCACAAAAGCTTTACAAGGACTGACAACTCTAGCCAACGAACAGGCAGAAAATGCTGGAATTAACAACCCATTTACGGGTTGGCTAAATGGTTGGTTTGGAAAATGGAA";NA;0;0;0;0;0;0;0;0;0;0;0;0;0;0;0;0;0;0;0;0;0;0;0;0;0;0;0;0;0;0;0;0;0;0;0;0;0;0;0;0;0;0;6;0;0;0;0;0;0;0;0;0;0;0
